"VehicleId";"RegistrationNumber";"VinNumber";"Brand";"Model";"ProductionYear"
1001;"RK97206";"I603N874911133232";"Acura";"TLX";"2014"
1002;"LC26808";"Q258Q125652791113";"Acura";"TSX";"2003"
1003;"MW21919";"N577N418869401546";"Acura";"ZDX";"2010"
1004;"HQ34927";"F549Z496003877374";"Alfa Romeo";"146";"1994"
1005;"GH46559";"R355U698661140515";"Alfa Romeo";"147";"1998"
1006;"PK19824";"Q301L314354242536";"Alfa Romeo";"147 GTA";"2002"
1007;"BM56471";"M500B843104696528";"Alfa Romeo";"156";"1997"
1008;"FP09014";"Q768M894742967987";"Alfa Romeo";"156 GTA";"2002"
1009;"LE54584";"L188C942747544736";"Alfa Romeo";"159";"2005"
1010;"MI90473";"W654G563095722341";"Alfa Romeo";"166";"1998"
1011;"HK34642";"T290P374630632651";"Alfa Romeo";"4C";"2013"
1012;"SS03705";"G831W284048908839";"Alfa Romeo";"8C Competizione";"2008"
1013;"OH80236";"H961G681972051285";"Alfa Romeo";"Brera";"2005"
1014;"HY18202";"P141P978581173735";"Alfa Romeo";"Giulia";"2016"
1015;"TE89482";"V320D850886457481";"Alfa Romeo";"Giulietta";"2010"
1016;"EX76408";"A263C762183901224";"Alfa Romeo";"GT";"2003"
1017;"NS65527";"T645V637330410018";"Alfa Romeo";"GTV";"1995"
1018;"VR85586";"R136P127559865502";"Alfa Romeo";"MiTo";"2008"
1019;"JL47189";"J328H556872758637";"Alfa Romeo";"Spider";"1998"
1020;"JA02838";"J851M368917152715";"Alfa Romeo";"Stelvio";"2017"
1021;"SH44681";"H877O160653895542";"Aston Martin";"Cygnet";"2011"
1022;"IW46156";"O481A928718165658";"Aston Martin";"DB11";"2016"
1023;"VA72417";"A543U702601308271";"Aston Martin";"DB9";"2004"
1024;"SC77911";"E336Q611494132229";"Aston Martin";"DBS";"2003"
1025;"CI30579";"F127B368522152177";"Aston Martin";"DBS Violante";"2007"
1026;"YE67249";"X327V359636310796";"Aston Martin";"DBX";"2020"
1027;"TT78672";"V462S998636819516";"Aston Martin";"Rapide";"2010"
1028;"EA60639";"K773I835368583330";"Aston Martin";"V12 Vantage";"2010"
1029;"JS08166";"P233I839988890012";"Aston Martin";"V8 Vantage";"2001"
1030;"FL28419";"P940H877150577913";"Aston Martin";"Valkyrie";"2019"
1031;"AX08614";"P588R660791704367";"Aston Martin";"Vanquish";"2001"
1032;"PT48064";"W535S648451793761";"Aston Martin";"Virage";"2011"
1033;"FN49010";"U150Z680464863672";"Aston Martin";"Zagato Coupe";"2016"
1034;"NF52955";"I296W558913427382";"Audi";"A1";"2010"
1035;"KA11787";"O273B411388166629";"Audi";"A2";"2000"
1036;"GR74515";"B695P970323906096";"Audi";"A3";"1996"
1037;"IS94549";"O228Z642110490638";"Audi";"R8";"2006"
1038;"NE36766";"I776A922796774191";"Audi";"RS Q3";"2012"
1039;"JM93509";"C572A782667731603";"Audi";"RS3";"2011"
1040;"ZX19671";"R331T210944337205";"Audi";"RS4";"2005"
1041;"NM40942";"O126Z693332916999";"Audi";"RS5";"2010"
1042;"YQ24558";"B624J880553476681";"Audi";"RS6";"2002"
1043;"QW84261";"T464R901440349575";"Audi";"RS7";"2013"
1044;"YI35863";"H505Z643515273272";"Audi";"S3";"2006"
1045;"WL18513";"U335Z337387417144";"Audi";"S4";"1998"
1046;"PY54312";"X542E743318400660";"Audi";"S5";"2007"
1047;"KI39442";"X569U194579704005";"Audi";"S6";"1999"
1048;"RE64506";"C894O363495687112";"Audi";"S7";"2012"
1049;"QS64103";"I365A385506579130";"Audi";"S8";"1996"
1050;"SO38528";"C730E320926836458";"Audi";"SQ2";"2019"
1051;"YJ11484";"W919R865394136944";"Audi";"SQ5";"2012"
1052;"UF89657";"F875W805951787464";"Audi";"SQ7";"2016"
1053;"SE58812";"S522Y517182684659";"Audi";"SQ8";"2019"
1054;"PR16178";"L969Z710177072748";"Audi";"TT";"1998"
1055;"RI31158";"L982X660521348051";"Audi";"TT RS";"2008"
1056;"PP17290";"M431B587363356030";"Audi";"TTS";"2008"
1057;"KU62603";"J399A843395843841";"Bentley";"Arnage";"1999"
1058;"MU07378";"W907V572173573199";"Bentley";"Azure";"1999"
1059;"QD02002";"S168G756502898333";"Bentley";"Bentayga";"2015"
1060;"ME28895";"V361W412105959161";"Bentley";"Brooklands";"2008"
1061;"BC29541";"G491J418709077026";"Bentley";"Continental";"2003"
1062;"UE15845";"M660D526210625895";"Bentley";"Continental Flying Spur";"2005"
1063;"CR56903";"W587X738287680336";"Bentley";"Continental GT";"2018"
1064;"PJ06028";"H431C522405724389";"Bentley";"Flying Spur";"2013"
1065;"JR54785";"Q494D125314912957";"Bentley";"Mulsanne";"2010"
1066;"XI14577";"H565S451975913103";"BMW";"1 series";"2004"
1067;"VM30480";"H661G467639769741";"BMW";"2 series";"2013"
1068;"YG09096";"B614E268600792944";"BMW";"3 series";"1982"
1069;"KC12617";"G428G137423369406";"BMW";"4 series";"2013"
1070;"DS01112";"Q882S750049911426";"BMW";"5 series";"1988"
1071;"QG61195";"G339M887710808808";"BMW";"6 series";"2004"
1072;"VG67907";"M880T590783465163";"BMW";"X4 M";"2019"
1073;"SZ08632";"B852D549040468005";"BMW";"X5";"2000"
1074;"MD88376";"C663A938862305380";"BMW";"X5 M";"2009"
1075;"ZS53769";"D136N326057650828";"BMW";"X6";"2008"
1076;"AO25468";"B949V362081524167";"BMW";"X6 M";"2009"
1077;"SG43688";"Z135S538632132013";"BMW";"X7";"2018"
1078;"LG51012";"O910P946229039263";"BMW";"Z3";"1996"
1079;"WD25503";"F579G846144546499";"BMW";"Z4";"2002"
1080;"FU13087";"O117X663306780369";"BMW";"Z8";"2000"
1081;"XM51672";"R883T892084234190";"Brilliance";"H230";"2012"
1082;"SS85110";"N912Q972450998649";"Brilliance";"V3";"2014"
1083;"TU09744";"D105N698457701758";"Brilliance";"V5";"2011"
1084;"CY53024";"C372W830092719304";"Bugatti";"Veyron";"2005"
1085;"SU51571";"M925A193605805498";"Buick";"Century";"1997"
1086;"DJ12367";"M341F351238568799";"Buick";"Enclave";"2007"
1087;"NY84045";"U760L650489284998";"Buick";"Envision";"2014"
1088;"AU85410";"M970G547481853001";"Buick";"La Crosse";"2004"
1089;"NJ29780";"A893Q768547474600";"Buick";"Le Sabre";"1999"
1090;"BZ18304";"C469L375354938037";"Buick";"Lucerne";"2005"
1091;"TC33276";"P564N450891965253";"Buick";"Park Avenue";"1996"
1092;"PE03756";"I197D590491966086";"Buick";"Rainier";"2003"
1093;"GK28628";"L763O885138766946";"Buick";"Regal";"2009"
1094;"VX35619";"Z109Y630307753670";"Buick";"Rendezvouz";"2001"
1095;"KH47030";"U764X528735703135";"Buick";"Terraza";"2005"
1096;"KO17115";"Q296W407011579964";"Buick";"Verano";"2012"
1097;"KL65052";"G762W349281391136";"BYD";"Qin";"2014"
1098;"NW34379";"P776P171305472994";"Cadillac";"ATS";"2012"
1099;"PD79565";"D474A737290352789";"Cadillac";"ATS-V";"2016"
1100;"VF53262";"E620V661754701964";"Cadillac";"BLS";"2006"
1101;"JI41544";"B250P491068452697";"Cadillac";"CT6";"2016"
1102;"RU79967";"C411Z324026665797";"Cadillac";"XTS";"2012"
1103;"BT75174";"X487F338213113803";"Changan";"CS35";"2012"
1104;"OQ70613";"J406P571518911576";"Changan";"CS35 Plus";"2018"
1105;"ES38105";"O921G692466006720";"Changan";"CS55";"2017"
1106;"WE91620";"X674U678517924812";"Changan";"CS75";"2013"
1107;"JM38312";"G640D567515353357";"Changan";"CS95";"2017"
1108;"KY28254";"G218C833554766186";"Changan";"Eado";"2012"
1109;"BR58071";"O640L958041667815";"Changan";"Raeton";"2013"
1110;"BX65295";"E507C626482055804";"Chery";"Amulet";"2003"
1111;"LT42540";"Q280U897393013642";"Chery";"Arrizo 7";"2013"
1112;"FT62471";"L807P215675914908";"Chery";"Tiggo 5";"2014"
1113;"QM62476";"E408L547052716444";"Chery";"Tiggo 7";"2016"
1114;"RW48349";"R238B235676400748";"Chery";"Tiggo 8";"2018"
1115;"IK65805";"A572D470533974490";"Chery";"Very";"2011"
1116;"JM22775";"L828P394982578674";"Chevrolet";"Astro";"1995"
1117;"WM23959";"Q805F148274604784";"Chevrolet";"Avalanche";"2002"
1118;"RV88868";"P646T337803377005";"Chevrolet";"Aveo";"2004"
1119;"AK06218";"L582P158074890018";"Chevrolet";"Blazer";"1994"
1120;"HC83095";"C731S743205225436";"Chevrolet";"Camaro";"1998"
1121;"NU15220";"Y479J382235812721";"Chevrolet";"Captiva";"2006"
1122;"AD88078";"V266I827326483886";"Chevrolet";"Cavalier";"1995"
1123;"FP27700";"K460M503012477225";"Chevrolet";"Cobalt";"2005"
1124;"CI21059";"X510Q840529843705";"Chevrolet";"Colorado";"2004"
1125;"DQ12222";"J821L762302026942";"Chevrolet";"Corvette";"2005"
1126;"AZ65479";"V639W786951130597";"Chevrolet";"Cruze";"2009"
1127;"KP01629";"M697X971352800927";"Chevrolet";"Epica";"2006"
1128;"ZM15011";"D281J685208939573";"Chevrolet";"Equinox";"2005"
1129;"QI77470";"G809T725201992047";"Chevrolet";"Express";"2003"
1130;"DV47348";"D473D464880231422";"Chevrolet";"HHR";"2006"
1131;"OP06467";"H177C811356268838";"Chevrolet";"Impala";"2006"
1132;"ZD33942";"J302C450603266629";"Chevrolet";"Lacetti";"2002"
1133;"QM73525";"B644B401245907297";"Chevrolet";"Lanos";"1997"
1134;"UT51994";"C189S108090834143";"Chevrolet";"Malibu";"2004"
1135;"DM45041";"D516Z341516206784";"Chevrolet";"Monte Carlo";"2005"
1136;"JR62138";"G134K737787895582";"Chevrolet";"Niva";"2002"
1137;"FG83985";"U134K234927801286";"Chevrolet";"Orlando";"2011"
1138;"ZL64531";"Q935B510704562823";"Chevrolet";"Rezzo";"2000"
1139;"UA12995";"F551Z192620272050";"Chevrolet";"Silverado";"1999"
1140;"YS59269";"G200U737894404958";"Chevrolet";"Silverado 2500 HD";"2001"
1141;"VR67057";"Y522Q104654453458";"Chevrolet";"Spark";"2005"
1142;"VQ39214";"B455N772412412589";"Chevrolet";"SSR";"2003"
1143;"DE04371";"K642A178044015070";"Chevrolet";"Suburban";"2001"
1144;"MD68973";"E194S322749325573";"Chevrolet";"Tahoe";"2000"
1145;"TQ12413";"W216P751992623611";"Chevrolet";"TrailBlazer";"2002"
1146;"JD55288";"Q221H879647455424";"Chevrolet";"Traverse";"2009"
1147;"IE29396";"S899K964522481167";"Chevrolet";"Trax";"2013"
1148;"VH25764";"A221G182998882148";"Chevrolet";"Uplander";"2005"
1149;"IU42041";"W384U240584599928";"Chevrolet";"Venture";"1996"
1150;"TV01202";"E172X522256242805";"Chrysler";"200";"2010"
1151;"VQ44090";"S803V229331562899";"Chrysler";"300";"2004"
1152;"XQ30985";"T249Z747502680325";"Chrysler";"300M";"1998"
1153;"TJ57076";"L505C511322744422";"Chrysler";"Aspen";"2006"
1154;"JG96642";"S354N280277950216";"Chrysler";"Concorde";"1998"
1155;"TY06427";"S293W650542270033";"Chrysler";"Crossfire";"2003"
1156;"AO39911";"I718T509708526831";"Chrysler";"Grand Voyager";"2008"
1157;"JW96422";"F803L631588693060";"Chrysler";"Pacifica";"2004"
1158;"TX69324";"H708Z552786342107";"Chrysler";"PT Cruiser";"2000"
1159;"UR67418";"H940I537220254366";"Chrysler";"Sebring";"2000"
1160;"HI06783";"O374M756779590194";"Chrysler";"Town & Country";"2008"
1161;"MQ60868";"F706A906547400448";"Chrysler";"Voyager";"1995"
1162;"XK45512";"M131P850174194188";"Citroen";"Berlingo";"1996"
1163;"IS10024";"D384L987032145488";"Citroen";"C-Crosser";"2007"
1164;"BI56119";"T970F645814527627";"Citroen";"C-Elysee";"2012"
1165;"XJ54342";"V582H237226460493";"Citroen";"C1";"2005"
1166;"MR94160";"Z619S587650051232";"Citroen";"C2";"2003"
1167;"ZD26532";"Z250A196805805901";"Citroen";"C3";"2002"
1168;"PY53459";"Q295X401490983764";"Citroen";"C3 Aircross";"2017"
1169;"IM64745";"N836F554391703892";"Citroen";"C3 Picasso";"2009"
1170;"VI25236";"X145X532314400113";"Citroen";"C3 Pluriel";"2003"
1171;"RB87355";"F192K197016707928";"Citroen";"C4";"2004"
1172;"RT38725";"A237E150735226965";"Citroen";"C4 Aircross";"2012"
1173;"XE52003";"J701R295449548444";"Citroen";"C4 Cactus";"2014"
1174;"PT15410";"O641C508041244428";"Citroen";"C4 Picasso";"2006"
1175;"IK93193";"S642M659094520003";"Citroen";"C5";"2001"
1176;"CT03370";"X121M552196683228";"Citroen";"C6";"2004"
1177;"UT97759";"D450K400062522470";"Citroen";"C8";"2002"
1178;"PW27984";"T337J379182327211";"Citroen";"DS 7 Crossback";"2018"
1179;"DJ11916";"N623K469779737957";"Citroen";"DS3";"2009"
1180;"DL46977";"Z684H649390708128";"Citroen";"DS4";"2010"
1181;"TL79367";"W636V723224145850";"Citroen";"DS5";"2011"
1182;"II69963";"L192J504691382609";"Citroen";"Grand C4 Picasso";"2006"
1183;"LI57668";"N546V742555738184";"Citroen";"Jumpy";"2007"
1184;"OZ41459";"A528N541958067264";"Citroen";"Nemo";"2008"
1185;"NG73489";"N338T145947138816";"Citroen";"Saxo";"1996"
1186;"HV02326";"L732L519081139415";"Citroen";"Spacetourer";"2016"
1187;"EM35655";"E204D149678924307";"Citroen";"Xsara";"1997"
1188;"IT14584";"W610F298571471017";"Citroen";"Xsara Picasso";"1999"
1189;"IX60123";"R864D234188915081";"Daewoo";"Evanda";"2002"
1190;"UU49348";"V156H903351917263";"Daewoo";"Kalos";"2002"
1191;"TQ72069";"O763C805791425236";"Daewoo";"Leganza";"1997"
1192;"IN72265";"V947X106225748974";"Daewoo";"Magnus";"2000"
1193;"YX56426";"I195B474852050131";"Daewoo";"Matiz";"2000"
1194;"GG66364";"S319A170648990101";"Daewoo";"Nexia";"1995"
1195;"PR34927";"V653E968388908575";"Daewoo";"Nubira";"1997"
1196;"PY37392";"K921G960014722951";"Daihatsu";"Applause";"1997"
1197;"FW23477";"D839X245549413998";"Daihatsu";"Cast";"2015"
1198;"SA68367";"A388C334417212082";"Daihatsu";"Copen";"2002"
1199;"QW19089";"Z238J633373614775";"Daihatsu";"Cuore";"2003"
1200;"DL74373";"A901Z495710849454";"Daihatsu";"Gran Move";"1996"
1201;"MN12798";"H966W877257794106";"Daihatsu";"Luxio";"2009"
1202;"DZ44299";"R530D192695696902";"Daihatsu";"Materia";"2006"
1203;"UX37200";"L246I735561144785";"Daihatsu";"Mebius";"2013"
1204;"ZV92766";"B185B596808211738";"Daihatsu";"Move";"2014"
1205;"SK50778";"P947C847445603910";"Daihatsu";"Rocky";"2019"
1206;"TV76433";"L538Z424974494295";"Daihatsu";"Sirion";"1998"
1207;"YG70806";"C658R672944124880";"Daihatsu";"Terios";"1997"
1208;"AH98204";"B680K814178480572";"Daihatsu";"Trevis";"2006"
1209;"HK75400";"J706K882936516185";"Daihatsu";"YRV";"2000"
1210;"QW15966";"G438J509874191802";"Datsun";"mi-DO";"2014"
1211;"PQ38698";"V723B589170053371";"Datsun";"on-DO";"2014"
1212;"ML97929";"A783Z177931415486";"Dodge";"Avenger";"1994"
1213;"VY57552";"G648A532695210168";"Dodge";"Caliber";"2006"
1214;"LD69772";"B161K457275927331";"Dodge";"Caliber SRT4";"2007"
1215;"YR64833";"J612P798417173383";"Dodge";"Caravan";"1995"
1216;"WR35946";"N241Z589868226062";"Dodge";"Challenger";"2008"
1217;"PU51362";"G868J603940338125";"Dodge";"Charger";"2006"
1218;"UJ62225";"D159S325130971973";"Dodge";"Dakota";"2005"
1219;"GW40217";"C417S300857847193";"Dodge";"Dart";"2012"
1220;"OV78572";"Y513R168172228674";"Dodge";"Durango";"1998"
1221;"AP93896";"P552E342869617786";"Dodge";"Intrepid";"1998"
1222;"AQ92480";"L451Y128550528654";"Dodge";"Journey";"2008"
1223;"IY68867";"S303U829964162313";"Dodge";"Magnum";"2004"
1224;"HL78683";"B561X963435262012";"Dodge";"Neon";"2000"
1225;"TB95265";"E829T548595237029";"Dodge";"Nitro";"2007"
1226;"ND41981";"Y117P338371355562";"Dodge";"Ram 1500";"2001"
1227;"PA03074";"J712D788715998956";"Dodge";"Ram 2500";"2002"
1228;"VF78453";"E752Z286590736719";"Dodge";"Ram 3500";"2002"
1229;"LT62492";"Q899D928725580000";"Dodge";"Ram SRT10";"2004"
1230;"XX46923";"V671Y473272539213";"Dodge";"Stratus";"2001"
1231;"VD57131";"S575N588287390653";"Dodge";"Viper";"1996"
1232;"GU22649";"F169J653777422715";"Dongfeng";"580";"2016"
1233;"UY55525";"I755J723967559165";"Dongfeng";"A30";"2014"
1234;"JA26718";"O640R346058785228";"Dongfeng";"AX7";"2014"
1235;"RV90470";"E625T183719534523";"Dongfeng";"H30 Cross";"2013"
1236;"RG33101";"R679B609616702013";"FAW";"Besturn B30";"2016"
1237;"AV87140";"R924E358577134552";"FAW";"Besturn B50";"2009"
1238;"CO32719";"A505P483840815038";"FAW";"Besturn X40";"2017"
1239;"NU56093";"T152X227080691744";"FAW";"Besturn X80";"2014"
1240;"HO32136";"D595J287887481911";"FAW";"Oley";"2012"
1241;"HX82433";"P877C839022716578";"FAW";"Vita";"2006"
1242;"BC42670";"J250H592754890924";"Ferrari";"348";"1993"
1243;"RP65850";"B459U116841794297";"Ferrari";"360";"1999"
1244;"LG64423";"T448W885574334816";"Ferrari";"456";"1992"
1245;"GN34891";"S271L647814791433";"Ferrari";"458";"2009"
1246;"MK96489";"G556F772634917789";"Ferrari";"488";"2015"
1247;"TL65605";"C765U205379287744";"Ferrari";"512";"1991"
1248;"OM49648";"L143B848850502260";"Ferrari";"550";"1996"
1249;"CW56133";"H355E257980754871";"Ferrari";"575 M";"2002"
1250;"XE82334";"U496D565975428774";"Ferrari";"599 GTB Fiorano";"2006"
1251;"RO63185";"L921S973941978017";"Ferrari";"599 GTO";"2010"
1252;"LT84350";"M585Q939127662459";"Ferrari";"612";"2004"
1253;"NR19496";"Q141S390850011675";"Ferrari";"812";"2017"
1254;"GF30873";"J465R743568681230";"Ferrari";"California";"2008"
1255;"DM67840";"L882K429068216369";"Ferrari";"California T";"2014"
1256;"OH47849";"P317E965609982716";"Ferrari";"Challenge Stradale";"2003"
1257;"RO06247";"Z384Z277955144647";"Ferrari";"Enzo";"2002"
1258;"OL60807";"O370B640161581864";"Ferrari";"F12";"2012"
1259;"EH87951";"J309B830913392361";"Ferrari";"F355";"1994"
1260;"CW43416";"B475T467053420744";"Ferrari";"F430";"2004"
1261;"GZ72927";"Z857F454707903024";"Ferrari";"F50";"1995"
1262;"DV77831";"V612P558921355760";"Ferrari";"F512 M";"1994"
1263;"TR15567";"N800R561162075098";"Ferrari";"FF";"2011"
1264;"EN33207";"Z710X423077311531";"Ferrari";"GTC4 Lusso";"2016"
1265;"BS74056";"V251Z687397426688";"Ferrari";"LaFerrari";"2013"
1266;"BX30624";"M498I216271509030";"Fiat";"124 Spider";"2015"
1267;"XS59610";"R176P370180152796";"Fiat";"500";"2007"
1268;"CZ01639";"W606T836921982130";"Fiat";"500L";"2012"
1269;"OO26818";"G815V412462044033";"Fiat";"500X";"2014"
1270;"ES87754";"E274S891909976555";"Fiat";"Albea";"2002"
1271;"EE79657";"B993V455095469071";"Fiat";"Brava";"1995"
1272;"JO00963";"P867B358411279117";"Fiat";"Bravo";"1995"
1273;"YC24390";"X854B602819935736";"Fiat";"Coupe";"1993"
1274;"NI07960";"S952O241126971389";"Fiat";"Croma";"2005"
1275;"VB35671";"J816J740626651408";"Fiat";"Doblo";"2001"
1276;"NO97488";"V304J337041231494";"Fiat";"Ducato";"2006"
1277;"GA15819";"I126Z629714791153";"Fiat";"Freemont";"2011"
1278;"YK65274";"X816I162038343487";"Fiat";"Grande Punto";"2005"
1279;"KM94142";"J933K931124100823";"Fiat";"Idea";"2004"
1280;"TE39623";"P519M283164275846";"Fiat";"Linea";"2007"
1281;"ON41862";"L919U290510920457";"Fiat";"Marea";"1996"
1282;"NT40085";"Q975O409130025421";"Fiat";"Multipla";"1998"
1283;"RT76956";"B816Y377401708132";"Fiat";"Palio";"1996"
1284;"WY18145";"X813T658065667904";"Fiat";"Panda";"2003"
1285;"IS36098";"G484T544727700640";"Fiat";"Panda 4x4";"2003"
1286;"KR76813";"G789S167376768252";"Fiat";"Punto";"1999"
1287;"OB52228";"S357K136982414036";"Fiat";"Qubo";"2008"
1288;"KF75594";"Z634S825238198211";"Fiat";"Sedici";"2005"
1289;"BV43544";"W216M179004643089";"Fiat";"Siena";"2014"
1290;"XT98452";"J218L530229177411";"Fiat";"Stilo";"2001"
1291;"WK67970";"X826U269821440390";"Fiat";"Strada";"2014"
1292;"FL80372";"J524Q654143542483";"Fiat";"Tipo";"2015"
1293;"OI16345";"P944L798504677623";"Fiat";"Ulysse";"2002"
1294;"BN22804";"A261F168465695604";"Fisker";"Karma";"2011"
1295;"HI34014";"U754H885249102648";"Ford";"B-Max";"2012"
1296;"UX38480";"C168X938217127526";"Ford";"C-Max";"2003"
1297;"OZ31571";"I894C689022935380";"Ford";"Cougar";"1998"
1298;"ZZ52035";"X474B482207946399";"Ford";"Crown Victoria";"1999"
1299;"CJ26223";"P423N791943598799";"Ford";"EcoSport";"2003"
1300;"II16437";"T785F160804508053";"Ford";"Edge";"2007"
1301;"MY11323";"A926A657210997274";"Ford";"Escape";"2001"
1302;"IB05655";"H227O637714387174";"Ford";"Excursion";"1999"
1303;"KX84875";"Q588F935879207130";"Ford";"Expedition";"1998"
1304;"LS10431";"P158O623943024342";"Ford";"Explorer";"1995"
1305;"CD01922";"F684Z299326498165";"Ford";"Explorer Sport Trac";"2007"
1306;"FZ06675";"T900W856443628237";"Ford";"F-150";"1997"
1307;"BS47996";"T541N136005459065";"Ford";"F-250";"2011"
1308;"UE22480";"J384R735313092815";"Ford";"F-350";"2017"
1309;"QT59673";"K340F510156789655";"Ford";"Falcon";"2005"
1310;"UL82908";"D889A981855141944";"Ford";"Fiesta";"2002"
1311;"JG54587";"M158S164797877115";"Ford";"Five Hundred";"2005"
1312;"CR76314";"P367D665326708914";"Ford";"Flex";"2008"
1313;"GY88737";"R524D434426542939";"Ford";"Focus";"1998"
1314;"HD50665";"T353Q580497978150";"Ford";"Focus Active";"2018"
1315;"RW79265";"Y607O893017763810";"Ford";"Freestar";"2003"
1316;"XM86889";"T676D952085651001";"Ford";"Freestyle";"2004"
1317;"KE27177";"Y777Q357942206283";"Ford";"Fusion";"2002"
1318;"OY33917";"R129J176641077003";"Ford";"Galaxy";"1995"
1319;"HG86608";"G377H402792419771";"Ford";"Ka";"2003"
1320;"ZT63434";"P604C651682375502";"Ford";"Kuga";"2008"
1321;"RD23892";"D497F749377355503";"Ford";"Maverick";"1992"
1322;"KB00091";"I992J852523709124";"Ford";"Mondeo";"2000"
1323;"MZ02542";"Z852K381012395392";"Ford";"Mustang";"1995"
1324;"SI31197";"I726D135041913002";"Ford";"Mustang Shelby GT350";"2016"
1325;"EB13601";"U154K537315358784";"Ford";"Mustang Shelby GT500";"2020"
1326;"KH44243";"T694E677448052749";"Ford";"Puma";"1997"
1327;"DR87815";"C555U571375361933";"Ford";"Ranger";"2006"
1328;"UH58356";"X862V256139695951";"Ford";"S-Max";"2006"
1329;"XS08831";"G628W477288235032";"Ford";"Taurus";"2000"
1330;"LY57684";"D885W652385258286";"Ford";"Taurus X";"2007"
1331;"VV27028";"G770K260068502540";"Ford";"Thunderbird";"2000"
1332;"WC15599";"H848B473069740379";"Ford";"Tourneo Connect";"2002"
1333;"EG64998";"P421G544897785657";"Ford";"Transit";"2001"
1334;"NZ84817";"H925J395370369005";"Ford";"Transit Connect";"2002"
1335;"VK75617";"C357Z487894857095";"GAZ";"3102";"1997"
1336;"VV98711";"K800P195977336005";"GAZ";"31105";"1997"
1337;"JO97778";"U715P223850553926";"GAZ";"Siber";"2008"
1338;"XP09478";"L205B832622104818";"GAZ";"Sobol";"2002"
1339;"NZ36891";"U976X541312338366";"Geely";"Atlas";"2018"
1340;"QN73209";"S725N724064109747";"Geely";"Coolray";"2019"
1341;"WZ22741";"Y168N901136416612";"Geely";"Emgrand 7";"2016"
1342;"YC13025";"X284S738903800944";"Geely";"Emgrand EC7";"2009"
1343;"KG62894";"P105V475128149290";"Geely";"Emgrand GS";"2016"
1344;"QO07714";"I873G953439580637";"Geely";"Emgrand X7";"2011"
1345;"RC04566";"V894B788091232958";"Geely";"GC9";"2015"
1346;"DO77560";"E468H607847047825";"Geely";"GÐ¡6";"2014"
1347;"IJ85442";"H309F470693125278";"Geely";"MK";"2008"
1348;"CF33086";"L178N425431773502";"Geely";"Otaka";"2006"
1349;"AZ13643";"H492D775787619779";"Geely";"Vision";"2006"
1350;"YN03210";"L291L304814081271";"Genesis";"G70";"2018"
1351;"IB22027";"C251V938241345505";"Genesis";"G80";"2017"
1352;"YA22993";"N113K204015030005";"Genesis";"G90";"2016"
1353;"ZP83703";"I570L289652256569";"GMC";"Acadia";"2007"
1354;"CN23717";"K427Z700577990133";"GMC";"Canyon";"2004"
1355;"JJ13273";"N357X550585208719";"GMC";"Envoy";"2001"
1356;"UC55022";"N842B357164166612";"GMC";"Sierra 1500";"1999"
1357;"EZ38205";"Y592T565984507148";"GMC";"Sierra 2500";"1999"
1358;"KO72951";"J643B490137576207";"GMC";"Terrain";"2010"
1359;"PE70607";"C703V635366039961";"GMC";"Yukon";"2000"
1360;"LS01378";"M157Z927501434176";"Great Wall";"Cowry";"2007"
1361;"KJ75076";"R891J838252473890";"Great Wall";"Deer";"2003"
1362;"XT83283";"V366D766290958767";"Great Wall";"Hover";"2005"
1363;"QW89665";"E808B637189408509";"Great Wall";"Hover M2";"2010"
1364;"HE20337";"V831Q398469723567";"Great Wall";"Pegasus";"2005"
1365;"BM42223";"G442N399663906183";"Great Wall";"Peri";"2007"
1366;"VO03793";"E453F304522629213";"Great Wall";"Safe";"2002"
1367;"HB70790";"F554V485186504447";"Great Wall";"Sailor";"2004"
1368;"MY90355";"M903Q649278983959";"Great Wall";"Sing";"2004"
1369;"BE85219";"Q724R699675617778";"Great Wall";"Socool";"2004"
1370;"PJ49124";"I750Z234385777689";"Great Wall";"Wingle";"2008"
1371;"TN79873";"U296V965209486982";"Haval";"F7";"2018"
1372;"EP86556";"N921Q416787055722";"Haval";"H4";"2018"
1373;"SF75830";"D365M630659425765";"Haval";"H6";"2017"
1374;"EJ64825";"H579W760299167568";"Haval";"H9";"2015"
1375;"WS66142";"S572H571177653241";"Holden";"Commodore";"2004"
1376;"QN69242";"X250B735181598033";"Honda";"Accord";"1998"
1377;"LZ80723";"W718I811270718948";"Honda";"Amaze";"2011"
1378;"GE43091";"Z553A168971043915";"Honda";"City";"2014"
1379;"LL75474";"M690R721176379808";"Honda";"Civic";"2001"
1380;"RU75301";"C302Q490058571929";"Honda";"CR-V";"1995"
1381;"LG62836";"S138I924312996392";"Honda";"CR-Z";"2010"
1382;"HS96429";"S462Z497692392635";"Honda";"Crosstour";"2010"
1383;"GO54292";"Q562L750239384694";"Honda";"Element";"2003"
1384;"GO50807";"F972H914886440715";"Honda";"Fit";"2001"
1385;"VD26908";"J134L534291798755";"Honda";"FR-V";"2004"
1386;"NV04807";"K485W618960824130";"Honda";"HR-V";"1998"
1387;"JF80515";"H618J834752493536";"Honda";"HR-V II (GJ)";"2014"
1388;"VD05975";"N703E591314201904";"Honda";"Insight";"1999"
1389;"UI43385";"E563X830295470216";"Honda";"Jade";"2013"
1390;"EJ41207";"P199K462820156480";"Honda";"Jazz";"2001"
1391;"PG29480";"P324S369068468072";"Honda";"Legend";"2006"
1392;"EU56640";"D847B927804169131";"Honda";"Odyssey";"1999"
1393;"DM40160";"J548N434911711010";"Honda";"Pilot";"2002"
1394;"BM64626";"Z949A771923614185";"Honda";"Prelude";"1996"
1395;"NA11401";"I727I448561573931";"Honda";"Ridgeline";"2005"
1396;"OD02314";"N563A283480579575";"Honda";"S2000";"1999"
1397;"RW40341";"N866M183475248857";"Honda";"Shuttle";"1994"
1398;"ZY94149";"G905O265347866335";"Honda";"Stream";"2001"
1399;"WB18814";"F687D734436906693";"Honda";"Vezel";"2013"
1400;"OQ93120";"N349H272970983235";"Hummer";"H1";"1992"
1401;"DX30840";"F694P271590682351";"Hummer";"H2";"2003"
1402;"NN19687";"V302N210333723454";"Hummer";"H3";"2005"
1403;"SU86361";"M255T240380829593";"Hyundai";"Accent";"2000"
1404;"VA78958";"K492H705606475831";"Hyundai";"Atos Prime";"1999"
1405;"ZP17719";"I552V824787307062";"Hyundai";"Azera";"2006"
1406;"ES43555";"H574F697592833939";"Hyundai";"Centennial";"1999"
1407;"WZ99445";"T253A119008833297";"Hyundai";"Creta";"2015"
1408;"ZJ57613";"Y623F673443000939";"Hyundai";"Elantra";"2000"
1409;"PT03396";"I678E116109959375";"Hyundai";"Entourage";"2007"
1410;"RQ36358";"Q331T547602411319";"Hyundai";"Eon";"2011"
1411;"LH99153";"N620F148718919720";"Hyundai";"Equus";"2009"
1412;"YB03384";"T380R742925725612";"Hyundai";"Galloper";"1998"
1413;"PU37954";"W898Z828807775004";"Hyundai";"Genesis";"2008"
1414;"KL52148";"F941D864165057759";"Hyundai";"Genesis Coupe";"2008"
1415;"NL12013";"U801S599012757396";"Hyundai";"Getz";"2002"
1416;"SU20065";"P355R201179012356";"Hyundai";"Grandeur";"2005"
1417;"IP04853";"E834U755541173328";"Hyundai";"H-1";"1998"
1418;"IU05068";"T619K512062020615";"Hyundai";"i10";"2008"
1419;"BA90512";"A752F644955351851";"Hyundai";"i20";"2008"
1420;"PH33537";"A851X970692512619";"Hyundai";"i30";"2007"
1421;"BD81340";"E768U268749103089";"Hyundai";"i30 N";"2017"
1422;"YJ35818";"W888G407632559113";"Hyundai";"i40";"2011"
1423;"IA78874";"S851J438637173013";"Hyundai";"Ioniq";"2016"
1424;"RP57034";"P743N118703814471";"Hyundai";"ix20";"2010"
1425;"OJ58407";"Q582F587933407431";"Hyundai";"ix35";"2010"
1426;"JH95087";"O151A503191819453";"Hyundai";"Kona";"2017"
1427;"HI07157";"X684D761440332819";"Hyundai";"Matrix";"2001"
1428;"FB04774";"O927Y416763462660";"Hyundai";"Palisade";"2018"
1429;"IF18329";"M345F522733227436";"Hyundai";"Porter";"1996"
1430;"AK16560";"E530G401764943767";"Hyundai";"Santa Fe";"2001"
1431;"BL17214";"N900U211357664126";"Hyundai";"Solaris";"2010"
1432;"FS01814";"V776B592701160534";"Hyundai";"Sonata";"1998"
1433;"DR53934";"Z906W851531340400";"Hyundai";"Terracan";"2001"
1434;"OT51823";"K400A758228411045";"Hyundai";"Trajet";"2000"
1435;"SW26574";"Q703O648831861707";"Hyundai";"Tucson";"2004"
1436;"IR10894";"H810C767705595207";"Hyundai";"Veloster";"2011"
1437;"FJ28504";"V722T383074382680";"Hyundai";"Veracruz";"2007"
1438;"KH27759";"W505J501840719339";"Hyundai";"Verna";"2005"
1439;"AK10296";"J650Q740815708320";"Hyundai";"Xcent";"2014"
1440;"FU11183";"I953M543432095355";"Hyundai";"XG";"1998"
1441;"WD40886";"U632W636420839845";"Infiniti";"EX";"2008"
1442;"LJ69902";"U463S445858546476";"Infiniti";"FX";"2003"
1443;"VP84455";"Y179V612654507415";"Infiniti";"G";"2003"
1444;"SE11941";"C493R832421811800";"Infiniti";"I35";"2002"
1445;"HM98861";"M883X446325220625";"Infiniti";"JX";"2012"
1446;"EK18069";"X974P475373494786";"Infiniti";"M";"2001"
1447;"QF25308";"D365Y282717337909";"Infiniti";"Q30";"2016"
1448;"RB42618";"K661K859149802758";"Infiniti";"Q40";"2014"
1449;"FS24038";"Z525R483789553078";"Infiniti";"Q45";"2002"
1450;"TV88011";"A180Q483399618228";"Infiniti";"Q50";"2013"
1451;"WQ99838";"I786N799519639455";"Infiniti";"Q60";"2013"
1452;"AP36491";"U593L275912486278";"Infiniti";"Q70";"2013"
1453;"YU97397";"T148H743278253059";"Infiniti";"QX30";"2016"
1454;"MZ31659";"B529P323444554399";"Infiniti";"QX4";"1997"
1455;"EQ92554";"X880H712369729206";"Infiniti";"QX50";"2013"
1456;"RP22508";"F875S836388068913";"Infiniti";"QX56";"2004"
1457;"NF57241";"I726T413910626898";"Infiniti";"QX60";"2013"
1458;"QO19169";"V655X730057176498";"Infiniti";"QX70";"2013"
1459;"RW81620";"I401E788384467055";"Infiniti";"QX80";"2013"
1460;"CW47976";"X684S790890795214";"Isuzu";"Ascender";"2002"
1461;"OH53585";"O507F920990931615";"Isuzu";"Axiom";"2002"
1462;"LL39340";"O579B193579017741";"Isuzu";"D-Max";"2011"
1463;"HP39120";"P578U288652898993";"Isuzu";"D-Max Rodeo";"2007"
1464;"TC67381";"M349G976527624698";"Isuzu";"I280";"2005"
1465;"JS24756";"C307O995034819295";"Isuzu";"I290";"2007"
1466;"NH09098";"G315C759490560710";"Isuzu";"I350";"2005"
1467;"TE29971";"Z378L361404068369";"Isuzu";"I370";"2007"
1468;"LB09172";"F722Y198435671306";"Isuzu";"Rodeo";"1998"
1469;"YK50066";"Y487M316208264131";"Isuzu";"Trooper";"1992"
1470;"SE77489";"A184J677761476268";"Isuzu";"VehiCross";"1997"
1471;"BR39316";"Z200F181507669392";"Iveco";"Daily";"2006"
1472;"RU67480";"I126V409468051377";"Jaguar";"E-Pace";"2017"
1473;"ZK04185";"G334Z652904673512";"Jaguar";"F-Pace";"2015"
1474;"DV42913";"N216Q496987582361";"Jaguar";"F-Type";"2013"
1475;"LU06730";"C119H635911326829";"Jaguar";"I-Pace";"2018"
1476;"PH06194";"K257V781994040993";"Jaguar";"S-Type";"1998"
1477;"KS28103";"L137L875131463056";"Jaguar";"X-Type";"2001"
1478;"FR80602";"J909Q506437322395";"Jaguar";"XE";"2015"
1479;"ON81290";"N457X466541578742";"Jaguar";"XF";"2007"
1480;"YS24928";"K500X964320689843";"Jaguar";"XJ";"1997"
1481;"QQ33096";"Y138M685908880643";"Jaguar";"XK/XKR";"2002"
1482;"YW59238";"P336M765415149320";"Jeep";"Cherokee";"2002"
1483;"AB70532";"R436S814982029215";"Jeep";"Commander";"2006"
1484;"MD85006";"F439S366992485797";"Jeep";"Compass";"2007"
1485;"WO52468";"V501Z610025215060";"Jeep";"Gladiator";"2019"
1486;"SE76325";"Q632C747126452550";"Jeep";"Grand Cherokee";"1999"
1487;"QK67947";"P406F221363931949";"Jeep";"Liberty";"2006"
1488;"AD98190";"O266U881831850985";"Jeep";"Patriot";"2006"
1489;"RV48741";"S162H253053513522";"Jeep";"Renegade";"2014"
1490;"TI94051";"J225M680342112305";"Jeep";"Wrangler";"1998"
1491;"UR84648";"E195O691089872134";"Kia";"Carens";"2002"
1492;"SW55732";"F335G887804521253";"Kia";"Carnival";"1999"
1493;"QI49064";"Z341V469867565559";"Kia";"Ceed";"2006"
1494;"FD58449";"B685I972843466154";"Kia";"Cerato";"2004"
1495;"KW66731";"L120T579745798567";"Kia";"Clarus";"1998"
1496;"US21204";"W483Q239535658278";"Kia";"Forte";"2008"
1497;"EB16900";"L481A257291679203";"Kia";"K900";"2019"
1498;"LK70183";"M493H558423075629";"Kia";"Magentis";"2001"
1499;"IS59398";"M428J227318119677";"Kia";"Mohave";"2008"
1500;"SB87459";"X960R863801765087";"Kia";"Niro";"2016"
1501;"PX06496";"X903E100212067901";"Kia";"Opirus";"2003"
1502;"YE69929";"I467I525912204418";"Kia";"Optima";"2010"
1503;"OK96645";"G538E148095695219";"Kia";"Picanto";"2004"
1504;"EO37402";"Z255A254777938908";"Kia";"ProCeed";"2019"
1505;"GD24460";"H824B355611712093";"Kia";"Quoris";"2012"
1506;"MY88576";"W558Q898692430843";"Kia";"Ray";"2011"
1507;"RS81516";"R778J146927270006";"Kia";"Rio";"2000"
1508;"CL66907";"A388W298533937286";"Kia";"Rio X-Line";"2017"
1509;"HW45827";"E923S535499086673";"Kia";"Seltos";"2019"
1510;"ND84785";"V304E840328420029";"Kia";"Shuma";"1997"
1511;"NL42525";"U320U507880423469";"Kia";"Sorento";"2002"
1512;"JQ88402";"F224R258806052134";"Kia";"Sorento Prime";"2015"
1513;"EM35994";"L212W886150762063";"Kia";"Soul";"2009"
1514;"UJ60721";"R850N329127416774";"Kia";"Spectra";"2005"
1515;"CU32345";"I209R518699015299";"Kia";"Sportage";"1993"
1516;"OT19796";"Z999L346029369394";"Kia";"Stinger";"2017"
1517;"QG89900";"N876Y870966829592";"Kia";"Stonic";"2017"
1518;"ZI06268";"G246N652410273005";"Kia";"Telluride";"2019"
1519;"CK27074";"U993W262648685028";"Kia";"Venga";"2011"
1520;"CI21842";"X902Q802181607627";"Lamborghini";"Aventador";"2011"
1521;"IQ94390";"J432D727140515355";"Lamborghini";"Centenario";"2016"
1522;"XX91361";"A267H111201303134";"Lamborghini";"Diablo";"1991"
1523;"DN54900";"L214V112174740398";"Lamborghini";"Gallardo";"2003"
1524;"XB61037";"X405Q464784426549";"Lamborghini";"Huracan";"2014"
1525;"MU80955";"A518S528514441466";"Lamborghini";"Murcielago";"2003"
1526;"IB17803";"B740U603630228967";"Lamborghini";"Reventon";"2008"
1527;"CL68588";"W222M519209864448";"Lamborghini";"Urus";"2018"
1528;"DX64846";"X623I538919631771";"Lancia";"Delta";"2008"
1529;"BB70001";"I299R230271480702";"Lancia";"Lybra";"1999"
1530;"YT85660";"H146S183132798509";"Lancia";"Musa";"2004"
1531;"EK99076";"B111R266108905462";"Lancia";"Phedra";"2002"
1532;"VN98848";"R245A560485748387";"Lancia";"Thema";"2011"
1533;"CU03224";"Y399O113925816062";"Lancia";"Thesis";"2001"
1534;"DF85481";"B169M618365158456";"Lancia";"Ypsilon";"2003"
1535;"YA31053";"F907Y497266238659";"Land Rover";"Defender";"2007"
1536;"XA30382";"X737Q652756163682";"Land Rover";"Discovery";"1998"
1537;"RQ26755";"H453F615790750751";"Land Rover";"Discovery Sport";"2014"
1538;"HT16282";"O222K106890901833";"Land Rover";"Evoque";"2011"
1539;"PF95720";"U968R904601130281";"Land Rover";"Freelander";"1998"
1540;"ZI31366";"E107V398663489567";"Land Rover";"Range Rover";"1994"
1541;"PR89328";"G813G565210860448";"Land Rover";"Range Rover Sport";"2004"
1542;"XW53282";"Q842J183601971256";"Land Rover";"Range Rover Velar";"2017"
1543;"HT39856";"A318J649964706656";"Lexus";"CT";"2010"
1544;"AP44543";"V808L805547490852";"Lexus";"ES";"2001"
1545;"PB83842";"F586L406009908435";"Lexus";"GS";"1997"
1546;"QT39748";"X773X233292757525";"Lexus";"GX";"2002"
1547;"VY23702";"R769J558962366811";"Lexus";"HS";"2009"
1548;"PD22500";"R696R307405739837";"Lexus";"IS";"1998"
1549;"FL57679";"P776E747096042318";"Lexus";"LC";"2017"
1550;"SS80451";"M294G547512296464";"Lexus";"LFA";"2010"
1551;"YT17008";"Y374K341350330357";"Lexus";"LS";"1995"
1552;"MZ32373";"V464D249911037108";"Lexus";"LX";"1998"
1553;"IA94955";"U212W845074440768";"Lexus";"NX";"2014"
1554;"VV97953";"L411L483918895603";"Lexus";"RC";"2014"
1555;"TC72591";"T134K957013336505";"Lexus";"RX";"1997"
1556;"MD78814";"L696Q888625218035";"Lexus";"SC";"1999"
1557;"ZP94217";"G712G724991686612";"Lexus";"UX";"2018"
1558;"BD46262";"C523E632004087452";"Lifan";"Breez";"2007"
1559;"GS17769";"A828R682961471327";"Lifan";"Cebrium";"2013"
1560;"SO75273";"Z920C504128177374";"Lifan";"Celliya";"2013"
1561;"ZX46155";"R753E225802239895";"Lifan";"Smily";"2008"
1562;"TB03985";"N684Y788727894413";"Lifan";"Solano";"2008"
1563;"YC92103";"J606Y852232505983";"Lifan";"X50";"2014"
1564;"TQ30340";"M888N501969416769";"Lifan";"X60";"2011"
1565;"TS52614";"P464Y240340000124";"Lincoln";"Aviator";"2003"
1566;"LO22380";"G715C388435754694";"Lincoln";"Corsair";"2019"
1567;"XG04529";"U644P327021752529";"Lincoln";"Mark LT";"2006"
1568;"NF47755";"G306B311038673750";"Lincoln";"MKC";"2014"
1569;"RP50149";"W944A487823663491";"Lincoln";"MKS";"2008"
1570;"HY80972";"B280R320322881975";"Lincoln";"MKT";"2009"
1571;"XJ64251";"J971K136596505058";"Lincoln";"MKX";"2006"
1572;"PA51183";"E833X393586532822";"Lincoln";"MKZ";"2006"
1573;"OW75008";"X467C616878694170";"Lincoln";"Navigator";"1997"
1574;"MA92657";"N860A227488506122";"Lincoln";"Town Car";"1998"
1575;"PJ92762";"D532V188597766108";"Lincoln";"Zephyr";"2006"
1576;"DM72351";"S953R993381987116";"Lotus";"Elise";"2001"
1577;"YJ96965";"H943Z860478006416";"Lotus";"Europa S";"2005"
1578;"VS73804";"X222E743794322899";"Lotus";"Evora";"2009"
1579;"JF60146";"V137Y906414886998";"Lotus";"Exige";"2001"
1580;"YR47776";"I957S861683824559";"Marussia";"B1";"2008"
1581;"BY84242";"A890M663180039312";"Marussia";"B2";"2010"
1582;"EV13920";"E284A152655445253";"Maserati";"3200 GT";"1998"
1583;"AE53285";"Z874O563937103746";"Maserati";"Ghibli";"2013"
1584;"QJ20279";"N220A234851204765";"Maserati";"Gran Cabrio";"2010"
1585;"SR86698";"U460H174218148914";"Maserati";"Gran Turismo ";"2007"
1586;"DA37597";"W816M925747524739";"Maserati";"Gran Turismo S";"2008"
1587;"HB28333";"U225I508578624595";"Maserati";"Levante";"2016"
1588;"IB79777";"S803D102320783318";"Maserati";"Quattroporte";"2003"
1589;"GC40431";"A341R256686214641";"Maserati";"Quattroporte S";"2007"
1590;"HT54464";"N158P897987784246";"Maybach";"57";"2002"
1591;"FM96983";"J324D515485469225";"Maybach";"57 S";"2007"
1592;"BD49416";"V516V703789904685";"Maybach";"62";"2002"
1593;"IO65351";"N914L138297639563";"Maybach";"62 S";"2007"
1594;"XJ68890";"X487L930990005142";"Maybach";"Landaulet";"2003"
1595;"FL76878";"Y434F357445823838";"Mazda";"2";"2003"
1596;"PF84903";"R633F752357501842";"Mazda";"3";"2003"
1597;"QZ56070";"V799K725891726329";"Mazda";"323";"1998"
1598;"IR61993";"Y816M547686067637";"Mazda";"5";"2005"
1599;"XR20794";"L669G660939744023";"Mazda";"6";"2002"
1600;"RV73334";"E158F341118594970";"Mazda";"626";"1997"
1601;"BJ29558";"D740J963365199412";"Mazda";"B-Series";"1999"
1602;"YV55604";"P271R404960608376";"Mazda";"BT-50";"2011"
1603;"VG39873";"R964R291334798546";"Mazda";"CX-3";"2015"
1604;"QO72288";"G464X471966750587";"Mazda";"CX-5";"2012"
1605;"SP66915";"L809J237309097893";"Mazda";"CX-7";"2006"
1606;"RR52189";"C759W650307784197";"Mazda";"CX-9";"2007"
1607;"UM21224";"P933U726934203889";"Mazda";"MPV";"1999"
1608;"OS93988";"G307C317051432310";"Mazda";"MX-5";"1998"
1609;"ON47160";"O201X171609436937";"Mazda";"Premacy";"1999"
1610;"RC39685";"C743X171972152015";"Mazda";"RX-7";"1992"
1611;"MR85937";"O400Q149168702368";"Mazda";"RX-8";"2003"
1612;"FG61946";"J971K474158011305";"Mazda";"Tribute";"2000"
1613;"VN94027";"R468R504307900765";"McLaren";"720S";"2017"
1614;"GD88020";"S292O651599551757";"McLaren";"MP4-12C";"2011"
1615;"EU71491";"Z993G144481969105";"McLaren";"P1";"2013"
1616;"ES06559";"U195O886623734148";"Mercedes";"A-class";"1997"
1617;"JR86229";"A370W972484534814";"Mercedes";"AMG GT";"2014"
1618;"WL86328";"O231I614969853079";"Mercedes";"AMG GT 4-Door";"2018"
1619;"VS89648";"H552K463840530964";"Mercedes";"B-class";"2005"
1620;"HF12207";"T343D546218062078";"Mercedes";"C-class";"1997"
1621;"JF70811";"E194V452097354631";"Mercedes";"C-class Sport Coupe";"2001"
1622;"OG72102";"T333W740763498253";"Mercedes";"CL-class";"1992"
1623;"MQ96696";"A940N188729035383";"Mercedes";"CLA-class";"2013"
1624;"PB76266";"X835A725704571484";"Mercedes";"CLC-class ";"2008"
1625;"LU73878";"X342R750696428168";"Mercedes";"CLK-class";"1997"
1626;"CR91910";"L874I796993980128";"Mercedes";"CLS-class";"2004"
1627;"YX75360";"U565R353542239469";"Mercedes";"E-class";"1995"
1628;"UJ60696";"U841Q312741887796";"Mercedes";"E-class Coupe";"2017"
1629;"WO88743";"K696R636814540495";"Mercedes";"EQC";"2019"
1630;"ZK62535";"W827H751566255084";"Mercedes";"G-class";"1996"
1631;"WB12614";"H131M886837989506";"Mercedes";"GL-class";"2006"
1632;"PQ21815";"A367K116684826861";"Mercedes";"GLA-class";"2013"
1633;"XB41448";"A434V587277964077";"Mercedes";"GLB-class";"2019"
1634;"ZF03830";"G926A647009337161";"Mercedes";"GLC-class";"2015"
1635;"WK41600";"D246R404105945505";"Mercedes";"GLC-class Coupe";"2016"
1636;"BU45499";"E710Z875399101707";"Mercedes";"GLE-class";"2015"
1637;"BC35695";"X145M427934455866";"Mercedes";"GLE-class Coupe";"2015"
1638;"IO80578";"M325I861220547617";"Mercedes";"GLK-class";"2008"
1639;"LO95796";"D532X745324045074";"Mercedes";"GLS-class";"2015"
1640;"QS50587";"M710U733091931852";"Mercedes";"M-class";"1997"
1641;"GD64990";"V400M112587132019";"Mercedes";"R-class";"2005"
1642;"ZE63953";"L834B639563553754";"Mercedes";"S-class";"1990"
1643;"EL37102";"F822X422818591380";"Mercedes";"S-class Cabrio";"2015"
1644;"ZN77956";"C884L118995993343";"Mercedes";"S-class Coupe";"2015"
1645;"EN70140";"M406Z379982127580";"Mercedes";"SL-class";"2001"
1646;"JZ73094";"K754J212046773748";"Mercedes";"SLK-class";"1996"
1647;"BZ06299";"C973U516405334071";"Mercedes";"SLR-class";"2003"
1648;"ZU66353";"P508T213032608397";"Mercedes";"SLS AMG";"2010"
1649;"DL64445";"A725X870866280456";"Mercedes";"Sprinter";"2000"
1650;"FP99347";"N209S983056735944";"Mercedes";"Vaneo";"2001"
1651;"FJ63046";"U850J336034058251";"Mercedes";"Viano";"2003"
1652;"DP52315";"Y980C580547060656";"Mercedes";"Vito";"1999"
1653;"XO99644";"J809D293914679622";"Mercedes";"X-class";"2018"
1654;"ZQ17208";"I762C277135457264";"MG";"TF";"2002"
1655;"JY00272";"O910F560947593932";"MG";"XPower SV";"2003"
1656;"SL10634";"M956J637375214155";"MG";"ZR";"2001"
1657;"DK03384";"D177D516424318208";"MG";"ZS";"2001"
1658;"XQ29185";"J407Z231592520624";"MG";"ZT";"2001"
1659;"TI66902";"I652D816277887765";"MG";"ZT-T";"2001"
1660;"KD76433";"Q505G279475117042";"Mini";"Clubman";"2007"
1661;"GW56002";"K474V799264651822";"Mini";"Clubman S";"2007"
1662;"AO37311";"J913K330956637752";"Mini";"Clubvan";"2012"
1663;"PH57712";"F973H381721556987";"Mini";"Cooper";"2001"
1664;"ZT28940";"R431F606726646607";"Mini";"Cooper Cabrio";"2001"
1665;"CQ70803";"B596H751728335949";"Mini";"Cooper S";"2001"
1666;"XP01373";"A872H460482187745";"Mini";"Cooper S Cabrio";"2001"
1667;"MK67573";"V111J872303497939";"Mini";"Cooper S Countryman All4";"2010"
1668;"UP43599";"D493J560584190189";"Mini";"Countryman";"2010"
1669;"NX94725";"E764O853663962247";"Mini";"One";"2001"
1670;"TD94934";"R268I713084899534";"Mitsubishi";"3000 GT";"1992"
1671;"MV82015";"P468M172983264055";"Mitsubishi";"ASX";"2010"
1672;"GA65027";"J332L626498576000";"Mitsubishi";"Carisma";"1995"
1673;"LA94258";"T805U651389474548";"Mitsubishi";"Colt";"1995"
1674;"CH98197";"J222V871771217477";"Mitsubishi";"Dignity";"2012"
1675;"UC72301";"O818E372094435531";"Mitsubishi";"Eclipse";"1995"
1676;"EN97077";"N575G869698260651";"Mitsubishi";"Eclipse Cross";"2017"
1677;"KP49604";"H269V618299354665";"Mitsubishi";"Endeavor";"2004"
1678;"BQ91195";"W262P979897791623";"Mitsubishi";"Galant";"1996"
1679;"DG21991";"L519A735041493029";"Mitsubishi";"Grandis";"2003"
1680;"CQ16298";"P387F557145034133";"Mitsubishi";"i-MiEV";"2009"
1681;"QY33176";"C665F435103315143";"Mitsubishi";"L200";"1996"
1682;"JN61619";"S926W369634021684";"Mitsubishi";"Lancer";"1996"
1683;"MR59736";"D252P175875994568";"Mitsubishi";"Lancer Evo";"2001"
1684;"QY92449";"R546J633306850641";"Mitsubishi";"Mirage";"2012"
1685;"LV75255";"I803B980768068134";"Mitsubishi";"Outlander";"2003"
1686;"VI76606";"L166E261705617379";"Mitsubishi";"Outlander XL";"2006"
1687;"LI54716";"B208M250107801087";"Mitsubishi";"Pajero";"1990"
1688;"UA13283";"C410N882795534247";"Mitsubishi";"Pajero Pinin";"1999"
1689;"JR74201";"T876R369440873375";"Mitsubishi";"Pajero Sport";"1998"
1690;"UI09984";"T674D259440791645";"Mitsubishi";"Raider";"2006"
1691;"JE05136";"K625P587720396177";"Mitsubishi";"Space Gear";"1995"
1692;"ZV42290";"V363J427797463442";"Mitsubishi";"Space Runner";"1999"
1693;"ER18467";"X502C361235881023";"Mitsubishi";"Space Star";"1998"
1694;"TB24973";"Y549D912181812722";"Nissan";"350Z";"2002"
1695;"WQ29408";"T101H266187190325";"Nissan";"370Z";"2009"
1696;"OE89999";"M660T105354014001";"Nissan";"Almera";"2000"
1697;"DM12501";"Y585J520697798168";"Nissan";"Almera Classic";"2005"
1698;"EU20800";"B250Q567138250765";"Nissan";"Almera Tino";"2000"
1699;"EC58862";"M590M440502923844";"Nissan";"Altima";"2002"
1700;"SI77110";"P989M542284434505";"Nissan";"Armada";"2003"
1701;"NY22559";"Y156I737058806797";"Nissan";"Bluebird Sylphy";"2000"
1702;"LE13677";"F890F738297021996";"Nissan";"GT-R";"2007"
1703;"GV87788";"K312O945013668316";"Nissan";"Juke";"2011"
1704;"EJ98235";"I636R159631411567";"Nissan";"Leaf";"2010"
1705;"UW79801";"J469M864577862071";"Nissan";"Maxima";"2000"
1706;"PW32213";"R101J745138631253";"Nissan";"Micra";"2003"
1707;"SJ59393";"Y906F140617485993";"Nissan";"Murano";"2002"
1708;"LF70783";"T574U936728910378";"Nissan";"Navara";"2005"
1709;"EH70457";"P893R759703499333";"Nissan";"Note";"2005"
1710;"PZ10206";"R572T507704610916";"Nissan";"NP300";"2008"
1711;"AI73129";"A177Z275931337768";"Nissan";"Pathfinder";"1997"
1712;"GN75540";"U250X957545287278";"Nissan";"Patrol";"1997"
1713;"OH73297";"E883Y803062337730";"Nissan";"Primera";"1996"
1714;"AC15483";"K416Q404612612018";"Nissan";"Qashqai";"2007"
1715;"UZ42000";"V681A875415062259";"Nissan";"Qashqai+2";"2008"
1716;"VJ42470";"J921R249579045166";"Nissan";"Quest";"2003"
1717;"JR22923";"A411F960434114262";"Nissan";"Rogue";"2008"
1718;"XD45623";"W871H133453456372";"Nissan";"Sentra";"1999"
1719;"SJ26361";"Y105B409642469664";"Nissan";"Skyline";"2001"
1720;"SY43155";"G368N609948594792";"Nissan";"Sylphy";"2012"
1721;"XU74769";"J244Q990572127620";"Nissan";"Teana";"2005"
1722;"HP45170";"H424N646871373393";"Nissan";"Terrano";"1993"
1723;"PQ79695";"U205X597399148768";"Nissan";"Tiida";"2007"
1724;"ON14684";"D797G892903365176";"Nissan";"Titan";"2003"
1725;"JB72130";"Q265P681488165272";"Nissan";"Titan XD";"2016"
1726;"VX46406";"U340D896260059092";"Nissan";"X-Trail";"2001"
1727;"FN28358";"H319D673333049920";"Nissan";"XTerra";"2001"
1728;"JB32871";"N173A123106815929";"Nissan";"Z";"2003"
1729;"CM78510";"W220N959812009444";"Noble";"M600";"2010"
1730;"US74573";"Q237R345243813350";"Opel";"Adam";"2013"
1731;"NF84975";"S740C235242342019";"Opel";"Agila";"2000"
1732;"DF46080";"B910Z617037912954";"Opel";"Antara";"2006"
1733;"UO30068";"J173Y558528253042";"Opel";"Astra";"1998"
1734;"RF07344";"U559K235121077114";"Opel";"Astra GTS";"2011"
1735;"TV01445";"J131N422168878980";"Opel";"Cascada";"2013"
1736;"SE55040";"V978A276338664213";"Opel";"Combo";"2001"
1737;"ID16889";"V173Q969778452299";"Opel";"Corsa";"2000"
1738;"UO19204";"H263O582426366251";"Opel";"Corsa OPC";"2007"
1739;"EF56007";"W705B555888196884";"Opel";"Crossland X";"2017"
1740;"NO92260";"V798B851283379006";"Opel";"Frontera";"1998"
1741;"SD32215";"Y955K985382567852";"Opel";"Grandland X";"2017"
1742;"ML98368";"M459S904294588587";"Opel";"Insignia";"2008"
1743;"XL84860";"E487F553901999890";"Opel";"Insignia OPC";"2009"
1744;"YI73858";"F874W309718345352";"Opel";"Karl";"2015"
1745;"JQ50914";"X743W811806502481";"Opel";"Meriva";"2003"
1746;"CM40108";"M372E611219196272";"Opel";"Mokka";"2012"
1747;"JS65085";"L222H297109467792";"Opel";"Omega";"1994"
1748;"DW64457";"N886J381140107800";"Opel";"Signum";"2003"
1749;"PF56781";"E962N658763264314";"Opel";"Speedster";"2000"
1750;"EV41948";"I452H360293676092";"Opel";"Tigra";"1994"
1751;"BH77207";"A208D663016630117";"Opel";"Vectra";"1995"
1752;"ID96009";"D478D993385294923";"Opel";"Vivaro";"2014"
1753;"GP73147";"D605Z639716845218";"Opel";"Zafira";"1999"
1754;"RH03823";"Q409O570786431160";"Opel";"Zafira Tourer";"2012"
1755;"QE45280";"E153I914995312964";"Peugeot";"1007";"2004"
1756;"RO44065";"S523Z427779641580";"Peugeot";"107";"2005"
1757;"MU21481";"Z541Y763688860675";"Peugeot";"108";"2014"
1758;"PD34653";"D788Y899465699439";"Peugeot";"2008";"2013"
1759;"DF74429";"M528J295648342141";"Peugeot";"206";"1998"
1760;"YT38390";"Y403R901813631781";"Peugeot";"207";"2006"
1761;"GU65721";"Z601X610967829233";"Peugeot";"208";"2012"
1762;"FF70426";"N198O113639640376";"Peugeot";"3008";"2009"
1763;"JE03905";"E505Y206481371928";"Peugeot";"301";"2012"
1764;"NA67452";"Q517Z546985938826";"Peugeot";"307";"2000"
1765;"JD14256";"W751C111573237694";"Peugeot";"308";"2007"
1766;"RQ06186";"G340X486561753592";"Peugeot";"4007";"2007"
1767;"XP16457";"C106N930978888111";"Peugeot";"4008";"2012"
1768;"TO12543";"V177H357427679245";"Peugeot";"406";"1995"
1769;"OT92981";"L861D440346992118";"Peugeot";"407";"2004"
1770;"RI63809";"P443Y779810538016";"Peugeot";"408";"2010"
1771;"CS67565";"L210B476773713002";"Peugeot";"5008";"2009"
1772;"FO12068";"I672V588130308173";"Peugeot";"508";"2011"
1773;"LN78686";"L772G591125683170";"Peugeot";"607";"2000"
1774;"US33883";"C964B949321658611";"Peugeot";"807";"2002"
1775;"UD25513";"F988B295075403900";"Peugeot";"Boxer";"2008"
1776;"RO19967";"D110W634231726548";"Peugeot";"Partner";"1996"
1777;"IR75000";"O419I343923674920";"Peugeot";"RCZ Sport";"2010"
1778;"ML75194";"N619K368367628830";"Plymouth";"Road Runner";"1968"
1779;"YY79816";"I169S925438114197";"Porsche";"718 Boxster";"2016"
1780;"BC10723";"N359H234106911986";"Porsche";"718 Cayman";"2016"
1781;"PG30649";"U988H272919591089";"Porsche";"911";"1997"
1782;"YE26370";"D129A200027849440";"Porsche";"Boxster";"1996"
1783;"WU12338";"R608A217872874443";"Porsche";"Cayenne";"2002"
1784;"HF41667";"Z751J599774713102";"Porsche";"Cayman";"2005"
1785;"MW43001";"N718N428446450025";"Porsche";"Macan";"2014"
1786;"AY22159";"Y233A128440074007";"Porsche";"Panamera";"2009"
1787;"CI93775";"S322A270751719492";"Porsche";"Taycan";"2020"
1788;"HV87770";"T387H395366562852";"Ravon";"Gentra";"2015"
1789;"ZH11471";"D232S395806904142";"Renault";"Arkana";"2019"
1790;"OX17938";"V763K976132029431";"Renault";"Avantime";"2001"
1791;"BE20110";"J867D874932379482";"Renault";"Captur";"2013"
1792;"NQ41016";"D455J115777635571";"Renault";"Clio";"1998"
1793;"TM95908";"H179Y386396792767";"Renault";"Duster";"2010"
1794;"EA85291";"F306W776411842891";"Renault";"Duster Oroch";"2015"
1795;"VW68247";"U705O178355005536";"Renault";"Espace";"1996"
1796;"VA78501";"G418H297160878595";"Renault";"Fluence";"2010"
1797;"DL55650";"M357D972889409702";"Renault";"Grand Scenic";"2009"
1798;"MG61332";"J899R173399914172";"Renault";"Kadjar";"2015"
1799;"VR56752";"P804A580800166003";"Renault";"Kangoo";"1998"
1800;"JJ31157";"I988E568913935221";"Renault";"Kaptur";"2016"
1801;"LM91697";"G999O969103349425";"Renault";"Koleos";"2008"
1802;"MA65274";"X445X680282179318";"Renault";"Laguna";"1993"
1803;"LB08866";"M501O585792561106";"Renault";"Latitude";"2010"
1804;"KA61150";"P742O119752774676";"Renault";"Logan";"2004"
1805;"NF15969";"S490P580077263016";"Renault";"Master";"2011"
1806;"HE70727";"B769Q415126760819";"Renault";"Megane";"1996"
1807;"DC10958";"S372G180714922349";"Renault";"Modus";"2004"
1808;"BN53013";"V326G663603105890";"Renault";"Sandero";"2007"
1809;"EB00217";"M992C736073547887";"Renault";"Sandero Stepway";"2008"
1810;"DE74865";"M929Z205460500071";"Renault";"Scenic";"1996"
1811;"ON48281";"C209Q660051697481";"Renault";"Symbol";"2002"
1812;"XI96999";"C199B529687917075";"Renault";"Talisman";"2015"
1813;"LL30436";"U328Z186310892846";"Renault";"Trafic";"2001"
1814;"YQ94406";"H287H534189377078";"Renault";"Twingo";"1993"
1815;"KG57979";"Q455A937826802308";"Renault";"Twizy";"2012"
1816;"PV46183";"V256S236949485056";"Renault";"Vel Satis";"2002"
1817;"BC98974";"W834R276509569171";"Renault";"Wind";"2010"
1818;"KC11875";"C717X862132455790";"Renault";"Zoe";"2012"
1819;"FC17757";"J220S783757977708";"Rolls-Royce";"Cullinan";"2018"
1820;"UE05974";"Y265H306428086942";"Rolls-Royce";"Dawn";"2015"
1821;"PF07116";"I627T486239348464";"Rolls-Royce";"Ghost";"2009"
1822;"PV29565";"B119W375718800130";"Rolls-Royce";"Phantom";"2003"
1823;"UI58653";"H967W268875838048";"Rolls-Royce";"Wraith";"2013"
1824;"PF15908";"Z128K160293330978";"Rover";"25";"1999"
1825;"QB71402";"W594I362747362651";"Rover";"400";"1996"
1826;"LH32249";"N419B184046882575";"Rover";"45";"2000"
1827;"HV63572";"L761T233814043648";"Rover";"600";"1999"
1828;"IV57721";"Z765B633464332125";"Rover";"75";"1999"
1829;"WC04899";"V244V813625832714";"Rover";"Streetwise";"2003"
1830;"ZH90384";"C245F292020601319";"Saab";"9-2x";"2004"
1831;"CU38970";"Z154S323155157461";"Saab";"09.mar";"2003"
1832;"UB15310";"K504A957965856154";"Saab";"9-4x";"2011"
1833;"GT96560";"P472W275280264396";"Saab";"09.maj";"1997"
1834;"LU13880";"V484G958678343843";"Saab";"9-7x";"2005"
1835;"NM93172";"Y717P813715287368";"Scion";"FR-S";"2012"
1836;"VC27937";"C405S948383929522";"Scion";"tC";"2004"
1837;"OJ39939";"M593M189890820107";"Scion";"xA";"2003"
1838;"QQ89201";"N882T498120176968";"Scion";"xB";"2003"
1839;"GU43045";"V707Q944049809960";"Scion";"xD";"2007"
1840;"XQ71975";"W749R174548629305";"Seat";"Alhambra";"1998"
1841;"VF07421";"K142O924892188681";"Seat";"Altea";"2004"
1842;"YR40070";"S133F905074788933";"Seat";"Altea Freetrack";"2007"
1843;"PP26595";"K602V234920468672";"Seat";"Altea XL";"2007"
1844;"VH30808";"E508V764885620667";"Seat";"Arosa";"1997"
1845;"SS26012";"X315U723706180223";"Seat";"Ateca";"2016"
1846;"RB62010";"R666Y484568801174";"Seat";"Cordoba";"1999"
1847;"YR37443";"M439L152943806423";"Seat";"Exeo";"2008"
1848;"JI00483";"E830G378035781679";"Seat";"Ibiza";"2002"
1849;"CM44138";"W828P689827745065";"Seat";"Leon";"1999"
1850;"NY83943";"N936U502286374331";"Seat";"Mii";"2012"
1851;"CH16106";"F284K355308179079";"Seat";"Toledo";"2004"
1852;"RK77604";"C428B295872804974";"Skoda";"Citigo";"2011"
1853;"CD36762";"T361H553063212524";"Skoda";"Fabia";"1999"
1854;"PN90703";"T396Y846118730513";"Skoda";"Felicia";"1995"
1855;"LM53926";"J247R537589111294";"Skoda";"Kamiq";"2019"
1856;"BA37489";"L731R771027089800";"Skoda";"Karoq";"2017"
1857;"VU42128";"M591T584495604020";"Skoda";"Kodiaq";"2016"
1858;"LY99225";"H509F668259634379";"Skoda";"Octavia";"1995"
1859;"KN19601";"T270B472060858941";"Skoda";"Octavia Scout";"2007"
1860;"NT57056";"Z389O171460151902";"Skoda";"Octavia Tour";"2006"
1861;"GL01536";"W775H112979476543";"Skoda";"Praktik";"2007"
1862;"IM41846";"J117S149815285005";"Skoda";"Rapid";"2012"
1863;"HX55621";"A680Z385624914925";"Skoda";"Rapid Spaceback (NH1)";"2013"
1864;"MT89849";"F427K779705124291";"Skoda";"Roomster";"2006"
1865;"CA23758";"H801C212384789546";"Skoda";"Superb";"2002"
1866;"IR25626";"I223M104190256113";"Skoda";"Yeti";"2010"
1867;"UD21559";"W465Y700491148902";"Smart";"Forfour";"2004"
1868;"QU69917";"S927Q141946918718";"Smart";"Fortwo";"1997"
1869;"BF11449";"O465S619888995121";"Smart";"Roadster";"2003"
1870;"IV42708";"R256R404974192986";"Ssang Yong";"Actyon";"2005"
1871;"CV28101";"C861L608421899928";"Ssang Yong";"Actyon Sports";"2006"
1872;"PW42797";"L141K970780295971";"Ssang Yong";"Chairman";"1997"
1873;"NC27970";"V168J483341643579";"Ssang Yong";"Korando";"2002"
1874;"HL49711";"E709N653544692168";"Ssang Yong";"Kyron";"2005"
1875;"ML52975";"O567Z712325347558";"Ssang Yong";"Musso";"1993"
1876;"BY14199";"F710P127399200918";"Ssang Yong";"Musso Sport";"2004"
1877;"CC28705";"A388U578669376702";"Ssang Yong";"Rexton";"2001"
1878;"JD83192";"P608D296035886001";"Ssang Yong";"Rodius";"2004"
1879;"VM64147";"N610Q588723331100";"Ssang Yong";"Stavic";"2013"
1880;"QY50603";"G435Y351918938492";"Ssang Yong";"Tivoli";"2015"
1881;"PW91835";"P537G916597541512";"Ssang Yong";"XLV";"2016"
1882;"JW50355";"N867L787619405768";"Subaru";"Ascent";"2018"
1883;"VW24393";"V585X388508838482";"Subaru";"Baja";"2002"
1884;"BA36313";"H469T572928835534";"Subaru";"Crosstrack";"2018"
1885;"NK10707";"A412N721689926648";"Subaru";"Exiga";"2008"
1886;"YM17956";"M575D262233771435";"Subaru";"Forester";"1997"
1887;"KU85222";"G990Z451054534938";"Subaru";"Impreza";"1992"
1888;"NT75498";"C996T453939123315";"Subaru";"Justy";"1995"
1889;"GR26595";"S732R921227480033";"Subaru";"Legacy";"1994"
1890;"ZZ06828";"H146K969353891874";"Subaru";"Levorg";"2014"
1891;"UV21011";"C310I500114767019";"Subaru";"Outback";"1997"
1892;"ER00182";"M307H630899428511";"Subaru";"Traviq";"2001"
1893;"UF43753";"W227Q196939077200";"Subaru";"Tribeca";"2005"
1894;"ND96937";"J765P594284609041";"Subaru";"WRX";"2014"
1895;"AJ94152";"O605J250203438022";"Subaru";"XV";"2012"
1896;"BC49266";"E355X204454626549";"Suzuki";"Alto";"2002"
1897;"XV51360";"L383C452819848940";"Suzuki";"Baleno";"1995"
1898;"KT57823";"D744D111160635308";"Suzuki";"Celerio";"2014"
1899;"ZK34623";"Y237Z264416591642";"Suzuki";"Ciaz";"2014"
1900;"VG04852";"P424B165272239730";"Suzuki";"Grand Vitara";"1998"
1901;"IS64189";"N164F338663897201";"Suzuki";"Grand Vitara XL7";"1998"
1902;"ZC19097";"T413W245809490665";"Suzuki";"Ignis";"2000"
1903;"MY96177";"R359B767639284684";"Suzuki";"Jimny";"1998"
1904;"VL26766";"W112R825281923713";"Suzuki";"Kizashi";"2009"
1905;"ZK31199";"T330M940962894042";"Suzuki";"Liana";"2002"
1906;"HF23385";"G711S685106085041";"Suzuki";"Splash";"2008"
1907;"BQ77371";"U923V136250157909";"Suzuki";"Swift";"2005"
1908;"DR51021";"Z147H808007496533";"Suzuki";"SX4";"2006"
1909;"RM56241";"W536S833634714442";"Suzuki";"Vitara";"2015"
1910;"QF87762";"C630X531541790283";"Suzuki";"Wagon R";"2012"
1911;"ZQ88521";"M529B758092600838";"Suzuki";"Wagon R+";"2000"
1912;"BE41760";"V920W696659244923";"Tesla";"Model 3";"2017"
1913;"KS91454";"V667O505801008649";"Tesla";"Model S";"2012"
1914;"MR43531";"H741K432284875744";"Tesla";"Model X";"2015"
1915;"XH36701";"D656T375181185964";"Tesla";"Model Y";"2019"
1916;"DP70168";"J675F902150690204";"Toyota";"4Runner";"1995"
1917;"HO56076";"D194Q877238161648";"Toyota";"Alphard";"2002"
1918;"NJ33355";"N223H925162565395";"Toyota";"Auris";"2007"
1919;"JL93415";"G289D721621290127";"Toyota";"Avalon";"2000"
1920;"RM46743";"U238J947575650119";"Toyota";"Avensis";"1997"
1921;"PA77194";"W806S797331890068";"Toyota";"Avensis Verso";"2001"
1922;"TN73850";"H520P387902716553";"Toyota";"Aygo";"2005"
1923;"JU43619";"X113W360072499789";"Toyota";"C-HR";"2016"
1924;"UB78229";"J777G640369915853";"Toyota";"Caldina";"2002"
1925;"XC78177";"F670K314765396779";"Toyota";"Camry";"1996"
1926;"MG94216";"J808I351030093113";"Toyota";"Celica";"1999"
1927;"TQ60554";"L685U571769553866";"Toyota";"Corolla";"1995"
1928;"LF99181";"J498F775779033627";"Toyota";"Corolla Verso";"2002"
1929;"TF14061";"W849K629206425932";"Toyota";"FJ Cruiser";"2007"
1930;"ST66757";"P336E442670348788";"Toyota";"Fortuner";"2004"
1931;"PS86354";"B837C972902045873";"Toyota";"GT 86";"2012"
1932;"XZ36223";"X315Q963048140294";"Toyota";"Hiace";"2006"
1933;"SI58543";"E842N858409010989";"Toyota";"Highlander";"2000"
1934;"DO54477";"P180Z491201356762";"Toyota";"Hilux";"2005"
1935;"EE09555";"B901K604512268585";"Toyota";"iQ";"2008"
1936;"QB91040";"I423Z364061608944";"Toyota";"ist";"2002"
1937;"ZK37214";"Y980O506092106040";"Toyota";"Land Cruiser";"1990"
1938;"UW57184";"X155U979562446010";"Toyota";"Land Cruiser Prado";"2002"
1939;"NK30169";"C219O661016295366";"Toyota";"Mark II";"2000"
1940;"AE17684";"C419K507280298853";"Toyota";"Mirai";"2014"
1941;"RR07734";"B967K893616062475";"Toyota";"Sequoia";"2001"
1942;"BT36130";"F811W692074302310";"Toyota";"Sienna";"2002"
1943;"DM89644";"X733M321747347178";"Toyota";"Supra";"2019"
1944;"XO93211";"P582I678426508553";"Toyota";"Tacoma";"2005"
1945;"UL56002";"E942Y815232701530";"Toyota";"Tundra";"1999"
1946;"VG30071";"C901D197618377485";"Toyota";"Venza";"2008"
1947;"XA41163";"O714B132870109888";"Toyota";"Verso";"2009"
1948;"XJ81180";"S160C327747878199";"Toyota";"Vitz";"2005"
1949;"UB05349";"U393O958844288885";"Toyota";"Yaris";"1999"
1950;"JA23296";"V808C968352318620";"Toyota";"Yaris Verso";"1999"
1951;"PL01037";"F929Y526394822134";"Volkswagen";"Amarok";"1990"
1952;"ZO81456";"A885P342296329681";"Volkswagen";"Arteon";"2017"
1953;"VD95586";"G978Q839398429732";"Volkswagen";"Beetle";"2011"
1954;"ER86768";"M496Q885657167058";"Volkswagen";"Bora";"1998"
1955;"JG06451";"L628K155774558664";"Volkswagen";"Caddy";"2004"
1956;"PG43529";"Q582E928275229981";"Volkswagen";"CC";"2012"
1957;"KI00680";"T315Y671392043646";"Volkswagen";"Crafter";"2008"
1958;"MN65203";"A897L126801485444";"Volkswagen";"CrossGolf";"2007"
1959;"RQ93253";"T524T522291422368";"Volkswagen";"CrossPolo";"2006"
1960;"OU14675";"A279N304956839190";"Volkswagen";"CrossTouran";"2007"
1961;"UZ09672";"T404H181424200984";"Volkswagen";"Eos";"2006"
1962;"UG39443";"P898A235558342187";"Volkswagen";"Fox";"2005"
1963;"DN91017";"Z141G779243998497";"Volkswagen";"Golf";"1997"
1964;"DH26567";"B146R317222116187";"Volkswagen";"Jetta";"2005"
1965;"HM99510";"T376N773917349051";"Volkswagen";"Lupo";"1998"
1966;"WU54535";"P777P486441437720";"Volkswagen";"Multivan";"2003"
1967;"DQ71181";"X887C324896729547";"Volkswagen";"New Beetle";"1998"
1968;"GF14966";"G366C492274442853";"Volkswagen";"Passat";"2000"
1969;"UJ02082";"Q551M767396593954";"Volkswagen";"Passat CC";"2008"
1970;"HK13594";"B482B817156662835";"Volkswagen";"Phaeton";"2002"
1971;"CA04544";"Q524R116234949070";"Volkswagen";"Pointer";"1993"
1972;"UQ15437";"X818D368556967746";"Volkswagen";"Polo";"2001"
1973;"MF37463";"O339N293235872915";"Volkswagen";"Routan";"2008"
1974;"SQ88387";"L349I948796500352";"Volkswagen";"Scirocco";"2008"
1975;"JG26085";"V784P800133640756";"Volkswagen";"Sharan";"1995"
1976;"PC48902";"L526X102439395367";"Volkswagen";"T-Roc";"2017"
1977;"CH42711";"G364I777553875097";"Volkswagen";"Teramont";"2017"
1978;"PB83283";"L337Q800602070855";"Volkswagen";"Tiguan";"2007"
1979;"BR64685";"B474U691431505104";"Volkswagen";"Touareg";"2002"
1980;"VK66275";"J615K774617775043";"Volkswagen";"Touran";"2003"
1981;"KG96045";"O926G508091475959";"Volkswagen";"Transporter";"1990"
1982;"AU51598";"D340X779627062069";"Volkswagen";"Up";"2011"
1983;"RJ47978";"U176Y935773027760";"Volvo";"C30";"2007"
1984;"MJ44655";"T920H360217437111";"Volvo";"C70";"2006"
1985;"SW28215";"H732L923638326562";"Volvo";"C70 Convertible";"1997"
1986;"DS28675";"E906I241238526572";"Volvo";"C70 Coupe";"1996"
1987;"XI64565";"R767A914032093430";"Volvo";"S40";"1995"
1988;"CF32839";"Q431Q193594805218";"Volvo";"S60";"2000"
1989;"TO86183";"V907J282516155826";"Volvo";"S70";"1996"
1990;"DY77684";"U776P313785787570";"Volvo";"S80";"1998"
1991;"NP90229";"B736I205477220700";"Volvo";"S90";"1997"
1992;"SG02730";"W509H561161500667";"Volvo";"V40";"1995"
1993;"GD58899";"S495S454405658867";"Volvo";"V50";"2004"
1994;"ZU30925";"H418I314612978130";"Volvo";"V60";"2011"
1995;"KG26217";"F641O797391416703";"Volvo";"V70";"1996"
1996;"KX21426";"U963O723795631969";"Volvo";"V90";"1997"
1997;"LJ07002";"A724Y191444225044";"Volvo";"XC40";"2017"
1998;"GD78389";"I513W709137242955";"Volvo";"XC60";"2008"
1999;"IX71155";"M667D315734519685";"Volvo";"XC70";"2001"
2000;"GU20299";"D677N478549139773";"Volvo";"XC90";"2002"
