"ClientId";"FirstName";"LastName";"PESEL";"Login_LoginId";"Vehicle_VehicleId"
6;"JAN";"NOWAK";"41796481720";1001;1001
7;"STANIS£AW";"KOWALSKI";"42346059234";1002;1002
8;"PIOTR";"WIåNIEWSKI";"43469627004";1003;1003
9;"ANDRZEJ";"W”JCIK";"55146157645";1004;1004
10;"KRZYSZTOF";"KOWALCZYK";"66493617688";1005;1005
11;"J”ZEF";"KAMI—SKI";"40463207456";1006;1006
12;"TOMASZ";"LEWANDOWSKI";"45591914899";1007;1007
13;"PAWE£";"ZIELI—SKI";"86182007348";1008;1008
14;"MICHA£";"SZYMA—SKI";"68392247909";1009;1009
15;"ADAM";"WOèNIAK";"78575483847";1010;1010
16;"TADEUSZ";"D•BROWSKI";"69151686320";1011;1011
17;"MARCIN";"KOZ£OWSKI";"83593743952";1012;1012
18;"MAREK";"MAZUR";"66578689357";1013;1013
19;"JERZY";"JANKOWSKI";"60165917698";1014;1014
20;"GRZEGORZ";"KWIATKOWSKI";"55853431196";1015;1015
21;"JAKUB";"WOJCIECHOWSKI";"47494833111";1016;1016
22;"HENRYK";"KRAWCZYK";"50546708568";1017;1017
23;"ZBIGNIEW";"KACZMAREK";"43254984067";1018;1018
24;"£UKASZ";"PIOTROWSKI";"46441219626";1019;1019
25;"KAZIMIERZ";"GRABOWSKI";"54910232851";1020;1020
26;"WOJCIECH";"ZAJ•C";"90728927136";1021;1021
27;"MATEUSZ";"PAW£OWSKI";"57599595972";1022;1022
28;"RYSZARD";"KR”L";"47483490243";1023;1023
29;"MARIAN";"MICHALSKI";"77997605027";1024;1024
30;"DARIUSZ";"WR”BEL";"86549174288";1025;1025
31;"W£ADYS£AW";"WIECZOREK";"73615013603";1026;1026
32;"MARIUSZ";"JAB£O—SKI";"81846469899";1027;1027
33;"FRANCISZEK";"NOWAKOWSKI";"48898275517";1028;1028
34;"ANTONI";"MAJEWSKI";"72980048063";1029;1029
35;"ROBERT";"OLSZEWSKI";"60647681390";1030;1030
36;"MACIEJ";"DUDEK";"60938603779";1031;1031
37;"RAFA£";"ST PIE—";"90700559839";1032;1032
38;"JACEK";"JAWORSKI";"56660813588";1033;1033
39;"JANUSZ";"ADAMCZYK";"80445717981";1034;1034
40;"KAMIL";"MALINOWSKI";"60555737718";1035;1035
41;"ROMAN";"G”RSKI";"85732689317";1036;1036
42;"DAWID";"PAWLAK";"77373048925";1037;1037
43;"MIROS£AW";"NOWICKI";"71585943131";1038;1038
44;"SZYMON";"SIKORA";"81852087107";1039;1039
45;"EDWARD";"WITKOWSKI";"71355890374";1040;1040
46;"MIECZYS£AW";"RUTKOWSKI";"40121009823";1041;1041
47;"KACPER";"WALCZAK";"62230455446";1042;1042
48;"S£AWOMIR";"BARAN";"75521630282";1043;1043
49;"JAROS£AW";"MICHALAK";"51490398244";1044;1044
50;"WIES£AW";"SZEWCZYK";"85575554906";1045;1045
51;"CZES£AW";"OSTROWSKI";"90386182744";1046;1046
52;"BARTOSZ";"TOMASZEWSKI";"73374181797";1047;1047
53;"ZDZIS£AW";"ZALEWSKI";"86499760245";1048;1048
54;"STEFAN";"WR”BLEWSKI";"68816311488";1049;1049
55;"ARTUR";"PIETRZAK";"88434346202";1050;1050
56;"KAROL";"JASI—SKI";"74817330767";1051;1051
57;"ALEKSANDER";"MARCINIAK";"54715628731";1052;1052
58;"SEBASTIAN";"SADOWSKI";"59227529771";1053;1053
59;"DAMIAN";"B•K";"62203144932";1054;1054
60;"PATRYK";"ZAWADZKI";"46843658401";1055;1055
61;"DANIEL";"DUDA";"56795781052";1056;1056
62;"PRZEMYS£AW";"JAKUBOWSKI";"84824916294";1057;1057
63;"EUGENIUSZ";"WILK";"70600374694";1058;1058
64;"ZYGMUNT";"CHMIELEWSKI";"49378664907";1059;1059
65;"FILIP";"BORKOWSKI";"50239019164";1060;1060
66;"LESZEK";"W£ODARCZYK";"40561895954";1061;1061
67;"ADRIAN";"SOKO£OWSKI";"78135116597";1062;1062
68;"WALDEMAR";"SZCZEPA—SKI";"69557427609";1063;1063
69;"ARKADIUSZ";"SAWICKI";"47910628440";1064;1064
70;"BOGDAN";"LIS";"68450072700";1065;1065
71;"MIKO£AJ";"KUCHARSKI";"65245156126";1066;1066
72;"DOMINIK";"KALINOWSKI";"84992814781";1067;1067
73;"WIKTOR";"WYSOCKI";"58845894796";1068;1068
74;"BART£OMIEJ";"MAZUREK";"57361819304";1069;1069
75;"KRYSTIAN";"KUBIAK";"45871959713";1070;1070
76;"RADOS£AW";"MACIEJEWSKI";"50473425799";1071;1071
77;"KONRAD";"KO£ODZIEJ";"70659582063";1072;1072
78;"BRONIS£AW";"KAèMIERCZAK";"87379826901";1073;1073
79;"HUBERT";"CZARNECKI";"67449769662";1074;1074
80;"WAC£AW";"SOBCZAK";"63758971928";1075;1075
81;"BOLES£AW";"KONIECZNY";"53633486501";1076;1076
82;"ZENON";"KRUPA";"44242840283";1077;1077
83;"BOGUS£AW";"G£OWACKI";"77566406466";1078;1078
84;"W£ODZIMIERZ";"URBA—SKI";"61502340424";1079;1079
85;"WITOLD";"MR”Z";"43892370490";1080;1080
86;"LEON";"WASILEWSKI";"71522951037";1081;1081
87;"IGOR";"ZAKRZEWSKI";"41265048612";1082;1082
88;"IRENEUSZ";"KRAJEWSKI";"73706776168";1083;1083
89;"OSKAR";"LASKOWSKI";"87720693051";1084;1084
90;"SYLWESTER";"SIKORSKI";"75486364483";1085;1085
91;"MAKSYMILIAN";"ZI”£KOWSKI";"73267826896";1086;1086
92;"MARCEL";"GAJEWSKI";"57691431480";1087;1087
93;"JULIAN";"SZULC";"63369158665";1088;1088
94;"MI£OSZ";"MAKOWSKI";"52609823170";1089;1089
95;"EDMUND";"KACZMARCZYK";"54437593072";1090;1090
96;"IGNACY";"BRZEZI—SKI";"67704375724";1091;1091
97;"OLEKSANDR";"BARANOWSKI";"75880431528";1092;1092
98;"OLIWIER";"KOZAK";"86854882514";1093;1093
99;"NIKODEM";"PRZYBYLSKI";"59157671942";1094;1094
100;"CEZARY";"SZYMCZAK";"44299160228";1095;1095
101;"ALAN";"KANIA";"49412440011";1096;1096
102;"NORBERT";"JANIK";"45216704951";1097;1097
103;"FELIKS";"B£ASZCZYK";"47381849481";1098;1098
104;"LUDWIK";"BOROWSKI";"90356654761";1099;1099
105;"GABRIEL";"ADAMSKI";"74120454840";1100;1100
106;"LECH";"G”RECKI";"55141444402";1101;1101
107;"EMIL";"SZCZEPANIAK";"85738195237";1102;1102
108;"BERNARD";"CHOJNACKI";"79624372869";1103;1103
109;"LUCJAN";"KOZIO£";"41383145596";1104;1104
110;"SERHII";"LESZCZY—SKI";"79502960589";1105;1105
111;"B£AØEJ";"MUCHA";"46701074616";1106;1106
112;"ERYK";"LIPI—SKI";"54700632040";1107;1107
113;"FABIAN";"CZERWI—SKI";"54488169892";1108;1108
114;"ANDRII";"KOWALEWSKI";"67695705301";1109;1109
115;"TYMOTEUSZ";"ANDRZEJEWSKI";"74928113416";1110;1110
116;"VOLODYMYR";"WESO£OWSKI";"75295039514";1111;1111
117;"ALOJZY";"MIKO£AJCZYK";"75807613220";1112;1112
118;"ALFRED";"ZI BA";"88627498271";1113;1113
119;"TYMON";"CIEåLAK";"86501411352";1114;1114
120;"ROMUALD";"JAROSZ";"79458076113";1115;1115
121;"SZCZEPAN";"MUSIA£";"48372989591";1116;1116
122;"WINCENTY";"KOWALIK";"52749602553";1117;1117
123;"DMYTRO";"MARKOWSKI";"86127889158";1118;1118
124;"IVAN";"KO£ODZIEJCZYK";"46326871885";1119;1119
125;"REMIGIUSZ";"KOPE∆";"77787281263";1120;1120
126;"KSAWERY";"BRZOZOWSKI";"70325227394";1121;1121
127;"MYKOLA";"NOWACKI";"88129615792";1122;1122
128;"GERARD";"PI•TEK";"55926814384";1123;1123
129;"NATAN";"ØAK";"73532051459";1124;1124
130;"VITALII";"DOMA—SKI";"54725884100";1125;1125
131;"IHOR";"OR£OWSKI";"77489714099";1126;1126
132;"VASYL";"PAWLIK";"48543926244";1127;1127
133;"TEODOR";"KUREK";"55353472515";1128;1128
134;"LEONARD";"CIESIELSKI";"42469454852";1129;1129
135;"BORYS";"TOMCZYK";"85839469854";1130;1130
136;"OLAF";"TOMCZAK";"44355426879";1131;1131
137;"BOGUMI£";"W”JTOWICZ";"58865529639";1132;1132
138;"YURII";"WAWRZYNIAK";"62674541341";1133;1133
139;"KAJETAN";"KOT";"44454836003";1134;1134
140;"SEWERYN";"POLAK";"71740961328";1135;1135
141;"MAKSYM";"KRUK";"65437450656";1136;1136
142;"ALBERT";"WOLSKI";"51115516026";1137;1137
143;"JOACHIM";"MARKIEWICZ";"85831705870";1138;1138
144;"OLEH";"SOWA";"72149964463";1139;1139
145;"LES£AW";"STASIAK";"54148342896";1140;1140
146;"BOHDAN";"JASTRZ BSKI";"80517870455";1141;1141
147;"KONSTANTY";"STANKIEWICZ";"67142560738";1142;1142
148;"ADOLF";"KARPI—SKI";"48475514968";1143;1143
149;"ALFONS";"URBANIAK";"79490051585";1144;1144
150;"WALENTY";"KLIMEK";"72542328274";1145;1145
151;"KUBA";"£UCZAK";"77809904556";1146;1146
152;"VIKTOR";"PIASECKI";"49631649950";1147;1147
153;"GRACJAN";"CZAJKOWSKI";"83542359412";1148;1148
154;"MYKHAILO";"WIERZBICKI";"85183982148";1149;1149
155;"RUDOLF";"NAWROCKI";"59610792451";1150;1150
156;"ERNEST";"GAJDA";"79110777137";1151;1151
157;"TOBIASZ";"BEDNAREK";"54688188996";1152;1152
158;"BENEDYKT";"BIELECKI";"80908029018";1153;1153
159;"HIERONIM";"DZIEDZIC";"49386351306";1154;1154
160;"BRUNO";"STEFA—SKI";"74787200536";1155;1155
161;"FLORIAN";"MADEJ";"49645662549";1156;1156
162;"KORNEL";"JANICKI";"71213771400";1157;1157
163;"JULIUSZ";"MILEWSKI";"69879012268";1158;1158
164;"VLADYSLAV";"SOSNOWSKI";"41384367852";1159;1159
165;"OLIVIER";"SKIBA";"86312190157";1160;1160
166;"OLEKSII";"KOWAL";"69531966134";1161;1161
167;"ZYGFRYD";"LEåNIAK";"81503934267";1162;1162
168;"RAJMUND";"MAJCHRZAK";"41576666402";1163;1163
169;"AUGUSTYN";"MAJ";"84649225539";1164;1164
170;"J DRZEJ";"J”èWIAK";"73390039325";1165;1165
171;"ALEXANDER";"URBAN";"46944731761";1166;1166
172;"RUSLAN";"åLIWI—SKI";"66422501599";1167;1167
173;"TEOFIL";"MA£ECKI";"86484327658";1168;1168
174;"LEOPOLD";"SOCHA";"89160245517";1169;1169
175;"ALEX";"MAREK";"68214665637";1170;1170
176;"ALBIN";"DOMAGA£A";"81205893145";1171;1171
177;"GUSTAW";"BEDNARCZYK";"82197313335";1172;1172
178;"BRUNON";"KASPRZAK";"81828536265";1173;1173
179;"ALEKSY";"WRONA";"49496217509";1174;1174
180;"DAVID";"DOBROWOLSKI";"74156465832";1175;1175
181;"KLAUDIUSZ";"PAJ•K";"40731391187";1176;1176
182;"PAVLO";"MATUSZEWSKI";"47915640460";1177;1177
183;"WILHELM";"MICHALIK";"48840237101";1178;1178
184;"FRYDERYK";"RATAJCZAK";"85612830655";1179;1179
185;"DENYS";"OLEJNICZAK";"83832858759";1180;1180
186;"ERWIN";"ORZECHOWSKI";"72274919353";1181;1181
187;"ANATOLII";"WILCZY—SKI";"79220280026";1182;1182
188;"ARTEM";"ROMANOWSKI";"47600489953";1183;1183
189;"VADYM";"åWI•TEK";"57266560224";1184;1184
190;"ALEKS";"KUROWSKI";"66280649333";1185;1185
191;"DORIAN";"OLEJNIK";"89454353454";1186;1186
192;"MARCELI";"GRZELAK";"88352765052";1187;1187
193;"WALERIAN";"£UKASIK";"53900008821";1188;1188
194;"YAROSLAV";"ROGOWSKI";"72867597703";1189;1189
195;"CYPRIAN";"OWCZAREK";"53385307853";1190;1190
196;"PETRO";"MAZURKIEWICZ";"62582959566";1191;1191
197;"OLIVER";"BUKOWSKI";"89868226502";1192;1192
198;"MARTIN";"SROKA";"62741858225";1193;1193
199;"NATANIEL";"SOBOLEWSKI";"54491266075";1194;1194
200;"YEVHEN";"BARA—SKI";"87421995811";1195;1195
201;"HERBERT";"KOSI—SKI";"45299415365";1196;1196
202;"KLEMENS";"K DZIERSKI";"76667049819";1197;1197
203;"DENIS";"RYBAK";"61448086951";1198;1198
204;"MICHAEL";"MARSZA£EK";"67711367203";1199;1199
205;"VALERII";"ZYCH";"77777170290";1200;1200
206;"SERGIUSZ";"BEDNARZ";"56341717689";1201;1201
207;"ALIAKSANDR";"SOBCZYK";"47533586706";1202;1202
208;"BRAJAN";"SKOWRO—SKI";"41724626147";1203;1203
209;"ANTON";"MATUSIAK";"55204451575";1204;1204
210;"YEVHENII";"MARCINKOWSKI";"84737402620";1205;1205
211;"SAMUEL";"LISOWSKI";"85257796280";1206;1206
212;"TARAS";"CHRZANOWSKI";"80570065342";1207;1207
213;"MIESZKO";"KOZIE£";"55863417982";1208;1208
214;"ANDREI";"åWIDERSKI";"61634074127";1209;1209
215;"MILAN";"KASPRZYK";"85865172033";1210;1210
216;"WALTER";"BEDNARSKI";"62277982553";1211;1211
217;"FERDYNAND";"BIA£EK";"45717930254";1212;1212
218;"KEVIN";"PLUTA";"41591600546";1213;1213
219;"GINTER";"WITEK";"51770898954";1214;1214
220;"WAWRZYNIEC";"KWIECIE—";"81898490328";1215;1215
221;"HELMUT";"KUCZY—SKI";"41303161471";1216;1216
222;"IWO";"GRZYBOWSKI";"61925713102";1217;1217
223;"EMILIAN";"PALUCH";"80581850650";1218;1218
224;"ANATOL";"JANISZEWSKI";"89898031917";1219;1219
225;"ARIEL";"TUREK";"67146454538";1220;1220
226;"OLEG";"CHMIEL";"71889496734";1221;1221
227;"BENIAMIN";"MUSZY—SKI";"64671130199";1222;1222
228;"VIACHESLAV";"CZAJKA";"71702650617";1223;1223
229;"IZYDOR";"J DRZEJEWSKI";"86954209650";1224;1224
230;"BAZYLI";"MORAWSKI";"86823377771";1225;1225
231;"ROLAND";"MARCZAK";"72489521739";1226;1226
232;"STANISLAV";"MA£EK";"77628724018";1227;1227
233;"EDWIN";"MARZEC";"76225677744";1228;1228
234;"KORDIAN";"KACZOR";"62450387684";1229;1229
235;"OLGIERD";"åLIWA";"81530222492";1230;1230
236;"LONGIN";"ØUKOWSKI";"54361398559";1231;1231
237;"JEREMI";"KUBICKI";"90220055271";1232;1232
238;"SIARHEI";"CZAJA";"50420817093";1233;1233
239;"KOSTIANTYN";"PIEKARSKI";"65922294635";1234;1234
240;"EMANUEL";"CZECH";"64449696646";1235;1235
241;"WERNER";"SZCZ SNY";"87628749583";1236;1236
242;"SERGII";"OSI—SKI";"70534190937";1237;1237
243;"ARNOLD";"PRZYBYSZ";"89671950811";1238;1238
244;"AMADEUSZ";"KRZEMI—SKI";"78487853361";1239;1239
245;"PATRICK";"KULESZA";"46907363456";1240;1240
246;"MAXIMILIAN";"JANOWSKI";"75997887909";1241;1241
247;"LECHOS£AW";"STEFANIAK";"63175887652";1242;1242
248;"DZMITRY";"GO£ BIEWSKI";"49486396539";1243;1243
249;"STEPAN";"BIERNACKI";"89462224325";1244;1244
250;"MANFRED";"LECH";"74469668762";1245;1245
251;"THOMAS";"RAK";"83701954538";1246;1246
252;"VALENTYN";"SMOLI—SKI";"59936329774";1247;1247
253;"KEWIN";"SZYD£OWSKI";"63573998324";1248;1248
254;"VICTOR";"STANISZEWSKI";"63454958204";1249;1249
255;"DIONIZY";"LEWICKI";"50559118956";1250;1250
256;"OSCAR";"SERAFIN";"40965376241";1251;1251
257;"EWALD";"BANACH";"61912053408";1252;1252
258;"£UCJAN";"KUJAWA";"57746063125";1253;1253
259;"MAURYCY";"MICHA£OWSKI";"76352865343";1254;1254
260;"NICOLAS";"CIEåLIK";"85688133727";1255;1255
261;"NAZAR";"G”RA";"60524312815";1256;1256
262;"OLIWER";"KACPRZAK";"50962866399";1257;1257
263;"HORST";"MURAWSKI";"77708927676";1258;1258
264;"ILLIA";"POP£AWSKI";"63741830049";1259;1259
265;"BONIFACY";"STACHOWIAK";"85873127908";1260;1260
266;"ANDRIY";"PIETRZYK";"66216572383";1261;1261
267;"GERHARD";"D BSKI";"61225814662";1262;1262
268;"EDUARD";"RUDNICKI";"44520491073";1263;1263
269;"PETER";"PI•TKOWSKI";"41562194642";1264;1264
270;"LEONID";"ØUREK";"63919437324";1265;1265
271;"OKTAWIAN";"G”RNY";"52458333913";1266;1266
272;"PAVEL";"G”RKA";"58437678238";1267;1267
273;"LEO";"BANAå";"69853668323";1268;1268
274;"HERONIM";"ZAWADA";"65687038406";1269;1269
275;"MARK";"NIEMIEC";"67656369595";1270;1270
276;"KORNELIUSZ";"KARCZEWSKI";"46297241831";1271;1271
277;"JEREMIASZ";"PODG”RSKI";"49283421345";1272;1272
278;"MIRON";"MATYSIAK";"40637813626";1273;1273
279;"ROCH";"ØURAWSKI";"72491643006";1274;1274
280;"KRYSPIN";"SOWI—SKI";"77984580795";1275;1275
281;"KASPER";"KLIMCZAK";"76211192752";1276;1276
282;"JACENTY";"CZYØ";"67546345900";1277;1277
283;"TYTUS";"GO£ BIOWSKI";"90902955494";1278;1278
284;"ELIGIUSZ";"ROSI—SKI";"75197359085";1279;1279
285;"JONASZ";"BIENIEK";"46739594298";1280;1280
286;"ZIEMOWIT";"KUå";"66532395066";1281;1281
287;"CHRISTIAN";"DROZD";"72963615616";1282;1282
288;"DYMITR";"GRUSZKA";"67437415201";1283;1283
289;"NATHAN";"GODLEWSKI";"81324252657";1284;1284
290;"BENJAMIN";"SKRZYPCZAK";"50867262183";1285;1285
291;"JONATAN";"AUGUSTYNIAK";"85116008853";1286;1286
292;"ELIASZ";"KRAWIEC";"64711973935";1287;1287
293;"HIPOLIT";"GROCHOWSKI";"71197882254";1288;1288
294;"XAVIER";"PANEK";"45696126284";1289;1289
295;"WIT";"PTAK";"70364353470";1290;1290
296;"IURII";"PRZYBY£A";"90822210619";1291;1291
297;"JACOB";"GIL";"74618299961";1292;1292
298;"PAUL";"KOMOROWSKI";"57346219915";1293;1293
299;"NIKOLAS";"WINIARSKI";"69923514012";1294;1294
300;"HUGO";"R”ØA—SKI";"64769480169";1295;1295
301;"ROSTYSLAV";"KONOPKA";"71306277679";1296;1296
302;"MAX";"SIWEK";"68118512698";1297;1297
303;"YURIY";"S£OWIK";"87197259830";1298;1298
304;"ALIAKSEI";"CYBULSKI";"70964752548";1299;1299
305;"ZBYS£AW";"KULIK";"50710634856";1300;1300
306;"APOLINARY";"LEåNIEWSKI";"80252475046";1301;1301
307;"ARON";"GRZYB";"78449263547";1302;1302
308;"PATRYCJUSZ";"SZCZEPANIK";"50350464529";1303;1303
309;"AUGUST";"K£OS";"46483266739";1304;1304
310;"VITALI";"KRZYØANOWSKI";"89561769953";1305;1305
311;"YURY";"CICHO—";"59387318148";1306;1306
312;"ULADZIMIR";"ZARZYCKI";"53591218382";1307;1307
313;"KSAWIER";"ZAREMBA";"62434592240";1308;1308
314;"DANYLO";"GRACZYK";"78970473567";1309;1309
315;"MAKSIM";"TOKARSKI";"40326341975";1310;1310
316;"MATTHEW";"MIELCZAREK";"59676940395";1311;1311
317;"MAKS";"KACZY—SKI";"45865257388";1312;1312
318;"MYKYTA";"M£YNARCZYK";"62309137658";1313;1313
319;"ANDREAS";"MIKO£AJCZAK";"78305840129";1314;1314
320;"BENON";"STA—CZYK";"71548475111";1315;1315
321;"PHILIP";"STRZELECKI";"62667614130";1316;1316
322;"HENNADII";"CICHOCKI";"79883593305";1317;1317
323;"NAZARII";"SZOSTAK";"81771942983";1318;1318
324;"YAUHENI";"SZYMCZYK";"73825795285";1319;1319
325;"GIORGI";"BUCZEK";"83660437242";1320;1320
326;"HILARY";"BIERNAT";"45748948620";1321;1321
327;"EUZEBIUSZ";"W GRZYN";"69913072777";1322;1322
328;"CHRISTOPHER";"JUREK";"41703956530";1323;1323
329;"KYRYLO";"MA∆KOWIAK";"41158292026";1324;1324
330;"ZENOBIUSZ";"SZCZYGIE£";"42828375155";1325;1325
331;"JOHN";"SKOWRON";"79576930671";1326;1326
332;"IDZI";"G•SIOR";"70405833380";1327;1327
333;"ANTHONY";"BARTKOWIAK";"46556530033";1328;1328
334;"MYKHAYLO";"JANUS";"89944046300";1329;1329
335;"MIKHAIL";"BOGUSZ";"89693604909";1330;1330
336;"MARCO";"CIEåLA";"74722085101";1331;1331
337;"CYRYL";"FILIPIAK";"40292561099";1332;1332
338;"VIKTAR";"GAWRON";"42710484410";1333;1333
339;"ION";"KALETA";"83555777426";1334;1334
340;"IHAR";"JANIAK";"45721727774";1335;1335
341;"KURT";"NIEWIADOMSKI";"54234737710";1336;1336
342;"HERMAN";"KUCHARCZYK";"47946155884";1337;1337
343;"ALEH";"RZEPKA";"76695561497";1338;1338
344;"RAFAEL";"KULA";"85274930152";1339;1339
345;"KASJAN";"KOSTRZEWA";"50533311672";1340;1340
346;"SIMON";"KUBIK";"65438047174";1341;1341
347;"JAROMIR";"PA£KA";"80282486100";1342;1342
348;"ZBYSZEK";"KSI•ØEK";"73915054503";1343;1343
349;"MOHAMED";"RAKOWSKI";"43113614809";1344;1344
350;"HRYHORII";"BAGI—SKI";"87399334116";1345;1345
351;"ALI";"SIENKIEWICZ";"64798067163";1346;1346
352;"VLADIMIR";"GAWLIK";"40242135850";1347;1347
353;"BRIAN";"R”ØYCKI";"59238452914";1348;1348
354;"VITALIY";"ANTCZAK";"51927500701";1349;1349
355;"REINHOLD";"FR•CZEK";"78893360495";1350;1350
356;"KLAUS";"BARTCZAK";"54521882413";1351;1351
357;"VINCENT";"MALEC";"82498767488";1352;1352
358;"SERHIY";"ZAR BA";"73683599593";1353;1353
359;"DONAT";"BANASIAK";"66932651044";1354;1354
360;"JONATHAN";"TRZCI—SKI";"40580708814";1355;1355
361;"RICHARD";"ØEBROWSKI";"82547203141";1356;1356
362;"NICHOLAS";"KR”LIKOWSKI";"84566371588";1357;1357
363;"NIKITA";"ROGALSKI";"59851636681";1358;1358
364;"OREST";"D£UGOSZ";"42717518326";1359;1359
365;"RADOMIR";"HAJDUK";"54429427933";1360;1360
366;"MIKALAI";"MIKULSKI";"71755684301";1361;1361
367;"KOSMA";"ROGALA";"72468998940";1362;1362
368;"ANTONIO";"ROJEK";"47635174786";1363;1363
369;"YEHOR";"LACH";"77479819279";1364;1364
370;"ENGELBERT";"BOREK";"72174351145";1365;1365
371;"WOLFGANG";"TKACZYK";"50367944611";1366;1366
372;"LUBOMIR";"KISIEL";"76879407695";1367;1367
373;"BAZYL";"GRZEGORCZYK";"42597187674";1368;1368
374;"NARCYZ";"TROJANOWSKI";"75793846556";1369;1369
375;"DANIIL";"GAWRO—SKI";"87711360591";1370;1370
376;"WILLIAM";"STEC";"88646454115";1371;1371
377;"ROGER";"WITCZAK";"61292240445";1372;1372
378;"ZBYSZKO";"DOBOSZ";"56812324510";1373;1373
379;"MYROSLAV";"MALISZEWSKI";"83141188635";1374;1374
380;"WALERY";"W•SIK";"81713953472";1375;1375
381;"RAJNOLD";"WOLNY";"42290786184";1376;1376
382;"DENNIS";"RYBICKI";"48161737580";1377;1377
383;"ULADZISLAU";"RADOMSKI";"88446886342";1378;1378
384;"TELESFOR";"åLUSARCZYK";"71836241243";1379;1379
385;"WITALIS";"MIKA";"60232943926";1380;1380
386;"ALEKSANDR";"KMIECIK";"53391602230";1381;1381
387;"DIETER";"BIA£AS";"78611890605";1382;1382
388;"LUKAS";"ZABOROWSKI";"86123201675";1383;1383
389;"MARKUS";"PAWELEC";"67917136729";1384;1384
390;"VALERY";"GA£•ZKA";"76298845273";1385;1385
391;"LUCAS";"WALKOWIAK";"47558745837";1386;1386
392;"LEONARDO";"GRZESIAK";"69301814121";1387;1387
393;"RUFIN";"KACZOROWSKI";"62220484664";1388;1388
394;"ERIC";"BOGUCKI";"43719869671";1389;1389
395;"DZIANIS";"LIPSKI";"46836252053";1390;1390
396;"SVIATOSLAV";"SOK”£";"72141284439";1391;1391
397;"JORDAN";"FRANKOWSKI";"61942069878";1392;1392
398;"JAMES";"WNUK";"76809022054";1393;1393
399;"JANUARY";"FR•CKOWIAK";"60996288741";1394;1394
400;"LUDOMIR";"BOCHENEK";"41686074779";1395;1395
401;"FELICJAN";"CICHY";"89512177555";1396;1396
402;"ANDREW";"KARWOWSKI";"79256674043";1397;1397
403;"AARON";"ZYGMUNT";"63983429246";1398;1398
404;"FRANK";"KWAåNIEWSKI";"90909898163";1399;1399
405;"SERGHEI";"NAWROT";"54658560004";1400;1400
406;"ANATOLI";"W”JCICKI";"43351675122";1401;1401
407;"MARIO";"ØMUDA";"77172478277";1402;1402
408;"OTTO";"WI CKOWSKI";"85950811909";1403;1403
409;"BOGUSZ";"JUSZCZAK";"87645623176";1404;1404
410;"LIUBOMYR";"DUDZI—SKI";"74428791501";1405;1405
411;"DYONIZY";"JANAS";"77653522312";1406;1406
412;"PASCAL";"PIETRAS";"90584628343";1407;1407
413;"DIEGO";"GAWE£";"59250247459";1408;1408
414;"DOMINIC";"MROCZEK";"84574737420";1409;1409
415;"ERIK";"PASTERNAK";"54160739558";1410;1410
416;"AHMED";"SKRZYPEK";"86191436710";1411;1411
417;"SERGIY";"LASOTA";"90131726254";1412;1412
418;"OSWALD";"ROSIAK";"75306167526";1413;1413
419;"ARTHUR";"WOJTCZAK";"49736198413";1414;1414
420;"KRYSTYN";"£API—SKI";"81470157752";1415;1415
421;"BRAYAN";"KO£ODZIEJSKI";"85441923051";1416;1416
422;"MIHAIL";"J DRZEJCZYK";"53205450004";1417;1417
423;"ALEXANDR";"MISIAK";"52184444764";1418;1418
424;"HANS";"WRO—SKI";"46187271554";1419;1419
425;"JOSEPH";"KARAå";"44494380075";1420;1420
426;"VADZIM";"PI”RKOWSKI";"80329743821";1421;1421
427;"RAMAN";"KRYSIAK";"71156602565";1422;1422
428;"ANASTAZY";"BURZY—SKI";"66732667520";1423;1423
429;"WASYL";"BUJAK";"45714067356";1424;1424
430;"CARLOS";"FIJA£KOWSKI";"61454537387";1425;1425
431;"FRANCESCO";"D•BEK";"44730157945";1426;1426
432;"MARKO";"CZYØEWSKI";"54113602661";1427;1427
433;"ALLAN";"GRUSZCZY—SKI";"58510696538";1428;1428
434;"EDGAR";"KUBACKI";"88282812716";1429;1429
435;"JUSTYN";"PIWOWARCZYK";"48235141980";1430;1430
436;"EWARYST";"GUTOWSKI";"43943157975";1431;1431
437;"JUAN";"MAS£OWSKI";"65921663237";1432;1432
438;"AURELIUSZ";"SO£TYS";"60979502186";1433;1433
439;"LUCA";"BOROWIEC";"57655487911";1434;1434
440;"MATTEO";"SZAFRA—SKI";"67488927785";1435;1435
441;"BRYAN";"JAGODZI—SKI";"54753415863";1436;1436
442;"MAXIM";"£UKASZEWSKI";"63110005572";1437;1437
443;"DAVYD";"STELMACH";"72482194332";1438;1438
444;"SERAFIN";"KA£UØNY";"59326246724";1439;1439
445;"ALESSANDRO";"ZAJ•CZKOWSKI";"43668101881";1440;1440
446;"APOLONIUSZ";"TARNOWSKI";"84164568592";1441;1441
447;"ALEXANDRU";"JAGIE££O";"74129414337";1442;1442
448;"IVO";"ZIELONKA";"73261963543";1443;1443
449;"NATHANIEL";"CEBULA";"50150735990";1444;1444
450;"HEINZ";"£UKASIEWICZ";"63625879527";1445;1445
451;"GWIDON";"LISIECKI";"59350115216";1446;1446
452;"JOSE";"BIELAWSKI";"71434286240";1447;1447
453;"YAN";"KA£UØA";"53264869587";1448;1448
454;"ALEXANDRE";"WOèNY";"78396290208";1449;1449
455;"MANUEL";"CYGAN";"64379187659";1450;1450
456;"AMIR";"PILARSKI";"61772727209";1451;1451
457;"FEDIR";"KRAKOWIAK";"89275837341";1452;1452
458;"JUREK";"JURKIEWICZ";"68964294846";1453;1453
459;"ZACHARIASZ";"SKIBI—SKI";"77422844495";1454;1454
460;"MEHMET";"SKOCZYLAS";"79518192249";1455;1455
461;"ARTSIOM";"DRZEWIECKI";"72703333168";1456;1456
462;"LIAM";"SZCZEåNIAK";"66739708059";1457;1457
463;"LUIS";"WILCZEK";"56771221797";1458;1458
464;"AMBROØY";"FALKOWSKI";"81820783430";1459;1459
465;"JOSHUA";"PAKU£A";"46431454825";1460;1460
466;"OMAR";"BOBER";"82122225289";1461;1461
467;"ILYA";"FILIPEK";"61120986388";1462;1462
468;"JAKOB";"J DRZEJCZAK";"90198900511";1463;1463
469;"GNIEWOMIR";"K DZIORA";"52532540176";1464;1464
470;"CELESTYN";"SOBIERAJ";"79730534020";1465;1465
471;"ANATOLIY";"JAKUBIAK";"83420548108";1466;1466
472;"RYAN";"G•SIOROWSKI";"61130107042";1467;1467
473;"EUSTACHY";"STRZELCZYK";"84489523098";1468;1468
474;"VASILE";"D BOWSKI";"50475715696";1469;1469
475;"ROBERTO";"TWARDOWSKI";"44897826630";1470;1470
476;"MAXYMILIAN";"FLIS";"83307768100";1471;1471
477;"OTTON";"RACZY—SKI";"69668357322";1472;1472
478;"NICOLAE";"KUBICA";"75872153467";1473;1473
479;"POLIKARP";"GO£•B";"72686388689";1474;1474
480;"IEVGEN";"WASIAK";"56153480279";1475;1475
481;"KARIM";"MIERZEJEWSKI";"59668704954";1476;1476
482;"COLIN";"STANEK";"48772880926";1477;1477
483;"IAN";"GUZIK";"74977121769";1478;1478
484;"CHRYSTIAN";"G”RNIAK";"81971878441";1479;1479
485;"REINHARD";"G”RAL";"83101858470";1480;1480
486;"MEDARD";"WI CEK";"65413475612";1481;1481
487;"ARMIN";"BARTOSIK";"59668693890";1482;1482
488;"FELIX";"KULIG";"53528714026";1483;1483
489;"DAMAZY";"MAJCHER";"68687486882";1484;1484
490;"WIACZES£AW";"WOLAK";"61603832852";1485;1485
491;"MUSTAFA";"MATUSZAK";"65484008140";1486;1486
492;"JUSTIN";"MOTYKA";"43181330070";1487;1487
493;"HARALD";"DROZDOWSKI";"77405271762";1488;1488
494;"NOAH";"GRZYWACZ";"83506661169";1489;1489
495;"JOSEF";"SZWED";"58606289856";1490;1490
496;"MOHAMMAD";"BILSKI";"64658151971";1491;1491
497;"ARSEN";"RUSIN";"47459721845";1492;1492
498;"MATTHIAS";"NOWACZYK";"53210699524";1493;1493
499;"ANDREA";"CHOLEWA";"51810155003";1494;1494
500;"GEORG";"CZAPLA";"68345411654";1495;1495
501;"MUHAMMAD";"BURY";"56281332305";1496;1496
502;"GEORGE";"DZIUBA";"48820532241";1497;1497
503;"PHILIPP";"WOJTAS";"73741262898";1498;1498
504;"KAI";"STOLARCZYK";"43382565922";1499;1499
505;"IAROSLAV";"FLOREK";"47562400187";1500;1500
506;"ANNA";"KOPCZY—SKI";"90596533930";1501;1501
507;"MARIA";"KRUPI—SKI";"86822328681";1502;1502
508;"ZOFIA";"PACZKOWSKI";"71526933670";1503;1503
509;"KATARZYNA";"URBA—CZYK";"61419875405";1504;1504
510;"MA£GORZATA";"PYTEL";"44659920621";1505;1505
511;"KRYSTYNA";"KASZUBA";"70925046570";1506;1506
512;"BARBARA";"JAåKIEWICZ";"90457907849";1507;1507
513;"AGNIESZKA";"MICHA£EK";"73635541822";1508;1508
514;"JANINA";"PROKOP";"89394723826";1509;1509
515;"EWA";"KUC";"86849733101";1510;1510
516;"ELØBIETA";"GW”èDè";"68620248996";1511;1511
517;"HELENA";"MISZTAL";"82743542313";1512;1512
518;"TERESA";"RUCI—SKI";"70885860809";1513;1513
519;"JADWIGA";"MALICKI";"74485813904";1514;1514
520;"MAGDALENA";"DUBIEL";"72991861512";1515;1515
521;"JOANNA";"BIELAK";"52585443963";1516;1516
522;"MARIANNA";"ZAG”RSKI";"69500674382";1517;1517
523;"ALEKSANDRA";"ANDRZEJCZAK";"90436656443";1518;1518
524;"IRENA";"JANKOWIAK";"85355878108";1519;1519
525;"MONIKA";"BIA£Y";"59812206268";1520;1520
526;"DANUTA";"STASZEWSKI";"89815693194";1521;1521
527;"STANIS£AWA";"BOØEK";"62342271208";1522;1522
528;"HALINA";"CISZEWSKI";"76943990402";1523;1523
529;"MARTA";"SIEDLECKI";"41147135522";1524;1524
530;"NATALIA";"KUCHTA";"90146252645";1525;1525
531;"JULIA";"S£OWI—SKI";"47710860644";1526;1526
532;"KAROLINA";"K PA";"81715798985";1527;1527
533;"BEATA";"MODZELEWSKI";"85765944372";1528;1528
534;"DOROTA";"åWIERCZY—SKI";"50670189308";1529;1529
535;"ALICJA";"PARTYKA";"81423475815";1530;1530
536;"GRAØYNA";"KACZMARSKI";"71182105209";1531;1531
537;"JOLANTA";"P£ONKA";"47438042752";1532;1532
538;"IWONA";"SK”RA";"58746340265";1533;1533
539;"WIKTORIA";"ZWOLI—SKI";"53760783825";1534;1534
540;"PAULINA";"JANUSZ";"87266860676";1535;1535
541;"BOØENA";"BIE—KOWSKI";"82951332018";1536;1536
542;"URSZULA";"GA£KA";"87167516900";1537;1537
543;"JUSTYNA";"SIERADZKI";"47188424083";1538;1538
544;"ZUZANNA";"KAPUSTA";"54104743719";1539;1539
545;"RENATA";"MILCZAREK";"71555701088";1540;1540
546;"HANNA";"STACHURA";"41731457739";1541;1541
547;"EMILIA";"JURKOWSKI";"67993423866";1542;1542
548;"AGATA";"SOCHACKI";"80698749364";1543;1543
549;"WANDA";"SZYSZKA";"65748383581";1544;1544
550;"WERONIKA";"S£AWI—SKI";"64425921584";1545;1545
551;"SYLWIA";"SZCZERBA";"82812216288";1546;1546
552;"J”ZEFA";"JEZIERSKI";"82758645804";1547;1547
553;"STEFANIA";"ST PNIAK";"82434139381";1548;1548
554;"GENOWEFA";"PAWLIKOWSKI";"55194352845";1549;1549
555;"PATRYCJA";"SITEK";"52788704597";1550;1550
556;"IZABELA";"JACKOWSKI";"88695645781";1551;1551
557;"MAJA";"WOå";"72616674338";1552;1552
558;"W£ADYS£AWA";"KOLASA";"66436561332";1553;1553
559;"ANETA";"IWA—SKI";"52310317543";1554;1554
560;"KAZIMIERA";"ROSA";"88719039761";1555;1555
561;"EWELINA";"OLCZAK";"60161132287";1556;1556
562;"OLIWIA";"CHMURA";"60381611365";1557;1557
563;"MARTYNA";"LIPKA";"68990668583";1558;1558
564;"KLAUDIA";"DUDZIK";"80232267563";1559;1559
565;"GABRIELA";"MROCZKOWSKI";"49559550935";1560;1560
566;"WIES£AWA";"MA—KOWSKI";"77450246992";1561;1561
567;"MARZENA";"MAJKA";"70515935231";1562;1562
568;"DOMINIKA";"MAåLANKA";"49471617461";1563;1563
569;"KINGA";"KNAPIK";"89272753402";1564;1564
570;"EDYTA";"BRODA";"51232246108";1565;1565
571;"LENA";"DEC";"47945166663";1566;1566
572;"ANIELA";"KWIECI—SKI";"80546010128";1567;1567
573;"AMELIA";"SKALSKI";"43789652214";1568;1568
574;"KAMILA";"NOGA";"52557707601";1569;1569
575;"BRONIS£AWA";"SZATKOWSKI";"50345120739";1570;1570
576;"LUCYNA";"TRZECIAK";"45325743593";1571;1571
577;"ALINA";"KOZA";"57142912497";1572;1572
578;"ANTONINA";"KITA";"65341782617";1573;1573
579;"LIDIA";"KOGUT";"54511874297";1574;1574
580;"CZES£AWA";"TOKARZ";"47684861814";1575;1575
581;"REGINA";"SALAMON";"88697102117";1576;1576
582;"LEOKADIA";"FLORCZAK";"66690379905";1577;1577
583;"HENRYKA";"CHOJNOWSKI";"48717814808";1578;1578
584;"MIROS£AWA";"KOWALCZUK";"50685761263";1579;1579
585;"MARIOLA";"DUDZIAK";"84582745482";1580;1580
586;"£UCJA";"MOLENDA";"44958984271";1581;1581
587;"SABINA";"WYSZY—SKI";"67575370411";1582;1582
588;"WIOLETTA";"MROZEK";"63188399175";1583;1583
589;"NIKOLA";"DOBRZY—SKI";"65682547565";1584;1584
590;"DARIA";"STANIS£AWSKI";"60924852926";1585;1585
591;"MILENA";"LENART";"68589557346";1586;1586
592;"CECYLIA";"W£ODARSKI";"59433402880";1587;1587
593;"MICHALINA";"PASZKOWSKI";"52560877994";1588;1588
594;"BOGUMI£A";"KIE£BASA";"56145765587";1589;1589
595;"OLGA";"MICHALCZYK";"43210705804";1590;1590
596;"FRANCISZKA";"PUCHALSKI";"49513452921";1591;1591
597;"EUGENIA";"KOTOWSKI";"56967224369";1592;1592
598;"ANGELIKA";"SKOWRONEK";"82417470606";1593;1593
599;"ROZALIA";"KOBUS";"60535473463";1594;1594
600;"LAURA";"KO£AKOWSKI";"76796212964";1595;1595
601;"BOGUS£AWA";"KRUSZEWSKI";"88684137858";1596;1596
602;"SANDRA";"BUCZY—SKI";"56429561776";1597;1597
603;"ILONA";"ZDUNEK";"76496833892";1598;1598
604;"GERTRUDA";"JANUSZEWSKI";"74341654917";1599;1599
605;"MARLENA";"KAWA";"54130947993";1600;1600
606;"KORNELIA";"CHUDY";"78332292202";1601;1601
607;"NADIA";"DOMINIAK";"55665941876";1602;1602
608;"ANITA";"ØUK";"79768910361";1603;1603
609;"NINA";"CZECHOWSKI";"42150103992";1604;1604
610;"ZDZIS£AWA";"WARCHO£";"44125849932";1605;1605
611;"LILIANA";"GRZESIK";"67427868648";1606;1606
612;"IGA";"ADAMUS";"42575505592";1607;1607
613;"JAGODA";"ADAMCZAK";"40919654674";1608;1608
614;"MARCELINA";"PILCH";"52708579961";1609;1609
615;"ANASTAZJA";"PIECHOTA";"55334853290";1610;1610
616;"DANIELA";"ROBAK";"59153637097";1611;1611
617;"WIOLETA";"AUGUSTYN";"41871482848";1612;1612
618;"POLA";"KOS";"63206585996";1613;1613
619;"KLARA";"K£OSOWSKI";"76551763224";1614;1614
620;"R”ØA";"MACI•G";"61454922521";1615;1615
621;"ADRIANNA";"ADAMEK";"65486390502";1616;1616
622;"KARINA";"WI•CEK";"66462624713";1617;1617
623;"ROKSANA";"STOLARSKI";"54194790233";1618;1618
624;"DAGMARA";"G£OGOWSKI";"56727446554";1619;1619
625;"MALWINA";"CHUDZIK";"58392691393";1620;1620
626;"SARA";"JAGIELSKI";"68223916916";1621;1621
627;"PELAGIA";"RYå";"71485476226";1622;1622
628;"APOLONIA";"JURCZAK";"63587024587";1623;1623
629;"ØANETA";"B•KOWSKI";"72954777532";1624;1624
630;"ELIZA";"KOPER";"80438664950";1625;1625
631;"JULIANNA";"PRZYBY£";"59275972197";1626;1626
632;"HONORATA";"KALISZ";"49464875048";1627;1627
633;"MIECZYS£AWA";"FILIPOWICZ";"85664759479";1628;1628
634;"BERNADETA";"ØY£A";"79374208555";1629;1629
635;"ADELA";"BANASIK";"72973184744";1630;1630
636;"WALERIA";"TOMALA";"65496172047";1631;1631
637;"LUDWIKA";"SURMA";"50342386890";1632;1632
638;"CELINA";"KUèMA";"73797540627";1633;1633
639;"TETIANA";"JARZ•BEK";"90265254325";1634;1634
640;"NATALIIA";"MARCHEWKA";"71859227429";1635;1635
641;"ALDONA";"NIEDèWIECKI";"62737722743";1636;1636
642;"ELEONORA";"RUDZI—SKI";"63184873871";1637;1637
643;"KAJA";"POR BSKI";"73742927252";1638;1638
644;"JULITA";"KASPEREK";"88538546850";1639;1639
645;"OLENA";"BUDZY—SKI";"85468636969";1640;1640
646;"FELIKSA";"D•BKOWSKI";"54928038344";1641;1641
647;"IRYNA";"STA—CZAK";"74389314137";1642;1642
648;"WAC£AWA";"OLEKSY";"50166002738";1643;1643
649;"BLANKA";"SO£TYSIAK";"84247096996";1644;1644
650;"VIOLETTA";"RUDNIK";"84143749964";1645;1645
651;"OKSANA";"PI£AT";"47265122967";1646;1646
652;"ALFREDA";"KANIEWSKI";"77156473912";1647;1647
653;"MATYLDA";"NIEMCZYK";"78868772097";1648;1648
654;"MAGDA";"KOPACZ";"77609775821";1649;1649
655;"DIANA";"WYPYCH";"74900261297";1650;1650
656;"FELICJA";"JAROS";"79484215675";1651;1651
657;"BRYGIDA";"BUCZKOWSKI";"45363384962";1652;1652
658;"LILIANNA";"PRUS";"50356178531";1653;1653
659;"AURELIA";"ZI TEK";"52331675066";1654;1654
660;"BOØENNA";"MALIK";"47549057114";1655;1655
661;"SVITLANA";"GADOMSKI";"68726755866";1656;1656
662;"OLHA";"GORCZYCA";"87137069194";1657;1657
663;"IZABELLA";"MIåKIEWICZ";"50528942194";1658;1658
664;"WALENTYNA";"MOSKAL";"40923319244";1659;1659
665;"ADRIANA";"TRACZ";"60447646089";1660;1660
666;"PAULA";"SZEL•G";"61256367489";1661;1661
667;"HILDEGARDA";"GOLEC";"74866934688";1662;1662
668;"MARIIA";"KUCI—SKI";"59244079983";1663;1663
669;"ELWIRA";"BARTNIK";"61538215646";1664;1664
670;"MARZANNA";"TRELA";"62759537277";1665;1665
671;"YULIIA";"DRABIK";"55410851419";1666;1666
672;"KALINA";"WOLI—SKI";"51791694556";1667;1667
673;"MARIKA";"BALCERZAK";"51686015617";1668;1668
674;"SONIA";"KORZENIOWSKI";"87166359898";1669;1669
675;"OTYLIA";"SOJKA";"77636673114";1670;1670
676;"ZENOBIA";"KRUCZEK";"88620825754";1671;1671
677;"ANDØELIKA";"B£ASZCZAK";"56676843556";1672;1672
678;"ROMANA";"G£•B";"44981133349";1673;1673
679;"NELA";"WARZECHA";"88104927406";1674;1674
680;"VIKTORIIA";"RYBARCZYK";"66404633485";1675;1675
681;"ARLETA";"SZYMKOWIAK";"55146878576";1676;1676
682;"MELANIA";"STACHOWICZ";"43377957848";1677;1677
683;"ZENONA";"PIOTROWICZ";"86861714320";1678;1678
684;"TEODOZJA";"DR”ØDØ";"68999339473";1679;1679
685;"LIUDMYLA";"MAGIERA";"44945246322";1680;1680
686;"KATERYNA";"ZAB£OCKI";"42576233616";1681;1681
687;"ANASTASIIA";"S K";"72221001632";1682;1682
688;"OLIVIA";"STACHURSKI";"57420474914";1683;1683
689;"LUIZA";"OSSOWSKI";"86818220047";1684;1684
690;"TEODORA";"åL ZAK";"67548751980";1685;1685
691;"SALOMEA";"KUJAWSKI";"58938968016";1686;1686
692;"TATIANA";"RADECKI";"83636476859";1687;1687
693;"ALBINA";"FR•TCZAK";"70747013934";1688;1688
694;"BOLES£AWA";"PIETRUSZKA";"81513992346";1689;1689
695;"JUDYTA";"PELC";"72764160804";1690;1690
696;"ROMUALDA";"BUDZI—SKI";"78904452459";1691;1691
697;"HALYNA";"JURCZYK";"78385275294";1692;1692
698;"LUDMI£A";"ADAMIAK";"90613832957";1693;1693
699;"NATASZA";"RUDZKI";"59288053506";1694;1694
700;"NICOLE";"BIA£KOWSKI";"47826272243";1695;1695
701;"NICOLA";"LESIAK";"75487838575";1696;1696
702;"ADELAJDA";"SZUBA";"77199150126";1697;1697
703;"JOWITA";"ZIMNY";"50574106989";1698;1698
704;"TAMARA";"KMIE∆";"54175289832";1699;1699
705;"VICTORIA";"NIEDZIELSKI";"56349549632";1700;1700
706;"MARYNA";"KULI—SKI";"55278112781";1701;1701
707;"VANESSA";"WOèNICA";"81816386636";1702;1702
708;"LEONARDA";"KOZIK";"66548048470";1703;1703
709;"MARZENNA";"KRAKOWSKI";"72394492604";1704;1704
710;"ERYKA";"KOSTECKI";"88284184876";1705;1705
711;"INGA";"BIELSKI";"52656127788";1706;1706
712;"GIZELA";"PE£KA";"82552560955";1707;1707
713;"LONGINA";"KOSOWSKI";"60970763861";1708;1708
714;"TEOFILA";"MIERZWA";"45492097993";1709;1709
715;"VALENTYNA";"åWIDER";"88449727205";1710;1710
716;"DONATA";"ROMAN";"82226101791";1711;1711
717;"JESSICA";"GRUDZIE—";"69585109675";1712;1712
718;"ESTERA";"BIELI—SKI";"68433543240";1713;1713
719;"LIWIA";"OLCZYK";"64517658973";1714;1714
720;"BERNADETTA";"TOMASIK";"73316216649";1715;1715
721;"ADA";"BANASZEK";"52726166288";1716;1716
722;"TEKLA";"SKORUPA";"67699905056";1717;1717
723;"NADIIA";"SOBOTA";"55261008058";1718;1718
724;"NADZIEJA";"ADAMOWICZ";"88604441993";1719;1719
725;"ELFRYDA";"POLA—SKI";"59206810268";1720;1720
726;"MIA";"WOJTASIK";"45922260627";1721;1721
727;"INNA";"STAWICKI";"53792475260";1722;1722
728;"IRMINA";"GUT";"79264625591";1723;1723
729;"ANETTA";"PAWLICKI";"71563220871";1724;1724
730;"LARYSA";"WO£OSZYN";"41260325469";1725;1725
731;"RITA";"FURMAN";"82373201743";1726;1726
732;"RYSZARDA";"GRZEåKOWIAK";"49645925371";1727;1727
733;"BIANKA";"SOBA—SKI";"43710089503";1728;1728
734;"KONSTANCJA";"SEKU£A";"84409219661";1729;1729
735;"BERNARDA";"URBANEK";"48770101464";1730;1730
736;"ELENA";"CZEKAJ";"42148870718";1731;1731
737;"AMANDA";"åMIGIELSKI";"61830011307";1732;1732
738;"S£AWOMIRA";"KAWECKI";"63572157294";1733;1733
739;"FLORENTYNA";"POGORZELSKI";"55649685652";1734;1734
740;"LILIA";"ROMANIUK";"78755046445";1735;1735
741;"IDA";"PIWOWARSKI";"60542046561";1736;1736
742;"WIERA";"MILLER";"52216764300";1737;1737
743;"LUCJA";"URBANOWICZ";"44126218305";1738;1738
744;"EMMA";"CZERNIAK";"69742948056";1739;1739
745;"LIUBOV";"TOKARCZYK";"52238992184";1740;1740
746;"LILLA";"WOJTKOWIAK";"83447282550";1741;1741
747;"ZYTA";"LITWIN";"75300482366";1742;1742
748;"KUNEGUNDA";"LORENC";"66818879034";1743;1743
749;"OLEKSANDRA";"PI TKA";"79465969299";1744;1744
750;"MAYA";"BOGACZ";"52425235612";1745;1745
751;"YANA";"K DZIOR";"83624547153";1746;1746
752;"ALLA";"LISZKA";"44383576055";1747;1747
753;"KAMILLA";"SZWARC";"58542026839";1748;1748
754;"OLIMPIA";"ØUCHOWSKI";"77325817332";1749;1749
755;"MARCELA";"BISKUP";"59898298657";1750;1750
756;"EDWARDA";"KRASOWSKI";"87482557311";1751;1751
757;"KLEMENTYNA";"JUSZCZYK";"68706888913";1752;1752
758;"MIRELA";"KNAP";"76954834526";1753;1753
759;"SEWERYNA";"åWI•TKOWSKI";"80600124212";1754;1754
760;"BALBINA";"MAKUCH";"49410314198";1755;1755
761;"FILOMENA";"SZAREK";"70945208840";1756;1756
762;"LILA";"SZOT";"70995876502";1757;1757
763;"LILIIA";"WIåNIOWSKI";"73407443417";1758;1758
764;"LEONTYNA";"NAPIERA£A";"50579406943";1759;1759
765;"FAUSTYNA";"RATAJCZYK";"87157840800";1760;1760
766;"MARYLA";"GRUDZI—SKI";"56823610133";1761;1761
767;"KSENIA";"GACEK";"67190595674";1762;1762
768;"MARCJANNA";"IZDEBSKI";"87672360548";1763;1763
769;"SAMANTA";"KRUKOWSKI";"61603875643";1764;1764
770;"ALONA";"ROSZKOWSKI";"85937728222";1765;1765
771;"EDELTRAUDA";"STUDZI—SKI";"66236902567";1766;1766
772;"ALEXANDRA";"åLEDè";"60215340239";1767;1767
773;"ERNA";"KAWKA";"80177164657";1768;1768
774;"SOFIIA";"KWIATEK";"75356925975";1769;1769
775;"SOFIA";"MACKIEWICZ";"70507476657";1770;1770
776;"PETRONELA";"HERMAN";"41900121611";1771;1771
777;"BERTA";"KARCZ";"69993813574";1772;1772
778;"GAJA";"SIWIEC";"44235868746";1773;1773
779;"AMALIA";"MA—KA";"43456299512";1774;1774
780;"ANGELINA";"JAKUBCZYK";"56234468848";1775;1775
781;"MARIANA";"J”èWIK";"69428361952";1776;1776
782;"VIKTORIA";"KUKLA";"61668342035";1777;1777
783;"IVANNA";"PAPROCKI";"42929892070";1778;1778
784;"OKTAWIA";"ROSZAK";"72888715101";1779;1779
785;"VERONIKA";"RYBKA";"56452282182";1780;1780
786;"LUBA";"KUSIAK";"42147159748";1781;1781
787;"ZOJA";"ROØEK";"43858985593";1782;1782
788;"RUTA";"WOJDA";"54999435079";1783;1783
789;"VALERIIA";"£UKASZEWICZ";"59896603573";1784;1784
790;"PAMELA";"MAZIARZ";"73704148685";1785;1785
791;"BOGNA";"DUSZY—SKI";"69973706713";1786;1786
792;"KHRYSTYNA";"BOBROWSKI";"53433678119";1787;1787
793;"WANESSA";"JEZIORSKI";"58393816450";1788;1788
794;"KRZYSZTOFA";"RESZKA";"71595985938";1789;1789
795;"DOMICELA";"BORYS";"62186888649";1790;1790
796;"GERDA";"ALEKSANDROWICZ";"51906052929";1791;1791
797;"MIRELLA";"TKACZ";"87672324927";1792;1792
798;"JAGNA";"GRZYBEK";"59460246720";1793;1793
799;"CLAUDIA";"RUSEK";"69446303467";1794;1794
800;"LESIA";"TUROWSKI";"86296495739";1795;1795
801;"NOEMI";"SMOLE—";"57764348464";1796;1796
802;"IRMGARDA";"KRASZEWSKI";"77143037755";1797;1797
803;"VIRA";"åPIEWAK";"63787811131";1798;1798
804;"HELGA";"FILIP";"53407221349";1799;1799
805;"LEONIA";"WACH";"80710517896";1800;1800
806;"INEZ";"MA£KOWSKI";"90724145496";1801;1801
807;"NEL";"SIDOR";"52986598477";1802;1802
808;"EULALIA";"SZKUDLAREK";"52164142223";1803;1803
809;"MARIYA";"WRZESI—SKI";"55109372514";1804;1804
810;"SOPHIE";"KORCZAK";"74213976297";1805;1805
811;"JAROS£AWA";"MIELCAREK";"89857934142";1806;1806
812;"STELLA";"SZELIGA";"83860706912";1807;1807
813;"ALENA";"NIEDZIELA";"81855835020";1808;1808
814;"PRAKSEDA";"SZOPA";"48734099929";1809;1809
815;"ANGELA";"KRUSZY—SKI";"65374886611";1810;1810
816;"OLA";"KORZENIEWSKI";"49671895631";1811;1811
817;"EMILY";"GRODZKI";"83103246914";1812;1812
818;"ZINAIDA";"HOFFMANN";"50996660962";1813;1813
819;"MICHELLE";"KR”LAK";"70136201867";1814;1814
820;"RAISA";"SZCZUREK";"62491269936";1815;1815
821;"NATALIYA";"WERNER";"87837838553";1816;1816
822;"BERNARDYNA";"K PKA";"70994805923";1817;1817
823;"OTOLIA";"WAJDA";"56144559816";1818;1818
824;"YEVHENIIA";"P KALA";"69656018509";1819;1819
825;"EUFEMIA";"STASZAK";"57967209406";1820;1820
826;"SARAH";"DROØDØ";"65902704000";1821;1821
827;"TOLA";"KOSMALA";"47844250133";1822;1822
828;"MARINA";"GRABARCZYK";"49240569410";1823;1823
829;"YELYZAVETA";"BUGAJSKI";"41676407966";1824;1824
830;"MIRIAM";"OLECH";"45718712706";1825;1825
831;"YULIYA";"PIECH";"87794521862";1826;1826
832;"IZA";"SZYMANEK";"71638304121";1827;1827
833;"ERIKA";"G•SIOREK";"68348234806";1828;1828
834;"IRINA";"MAJKOWSKI";"67123509914";1829;1829
835;"INES";"KULPA";"88849386855";1830;1830
836;"ANTONIA";"RZEPECKI";"87486726770";1831;1831
837;"OLESIA";"PLICHTA";"58553039496";1832;1832
838;"ROMA";"LEWI—SKI";"84845380680";1833;1833
839;"LEA";"SUSKI";"90711635676";1834;1834
840;"RUSLANA";"GOLA";"65155684049";1835;1835
841;"AUGUSTYNA";"LIPIEC";"89917718071";1836;1836
842;"ARLETTA";"PERKOWSKI";"61236153732";1837;1837
843;"JAåMINA";"BARTOSZEK";"41335763066";1838;1838
844;"EMA";"KAPUåCI—SKI";"73304871770";1839;1839
845;"GALYNA";"BOGDA—SKI";"62444907439";1840;1840
846;"MANUELA";"JAKUBIEC";"85860157186";1841;1841
847;"KLAUDYNA";"KURZAWA";"78390571588";1842;1842
848;"MARIETTA";"SKONIECZNY";"41704519497";1843;1843
849;"GRETA";"RADZISZEWSKI";"41750053438";1844;1844
850;"BENEDYKTA";"ROGOZI—SKI";"61379461068";1845;1845
851;"BLANDYNA";"KOKOSZKA";"42853499775";1846;1846
852;"NATALIE";"RODAK";"88519479797";1847;1847
853;"LUBOMIRA";"SUCHECKI";"44498996060";1848;1848
854;"ANASTASIYA";"WASIELEWSKI";"48775019061";1849;1849
855;"WINCENTYNA";"ORZE£";"82248485265";1850;1850
856;"POLINA";"SU£KOWSKI";"48933171185";1851;1851
857;"VITA";"WOJTOWICZ";"44965569131";1852;1852
858;"KORNELA";"WRZOSEK";"63444744641";1853;1853
859;"EVA";"OLSZAK";"88647838563";1854;1854
860;"DOBROS£AWA";"RACZKOWSKI";"56988466333";1855;1855
861;"TATSIANA";"PISZCZEK";"46597469981";1856;1856
862;"GABRYELA";"DYMEK";"89522737076";1857;1857
863;"WILHELMINA";"OØ”G";"47735062511";1858;1858
864;"LIDIIA";"ROKICKI";"73207104740";1859;1859
865;"KARYNA";"SZPAK";"48108239722";1860;1860
866;"WALESKA";"PASZKIEWICZ";"57735133308";1861;1861
867;"NATALLIA";"PISAREK";"87553177569";1862;1862
868;"LIGIA";"LANGE";"48121020382";1863;1863
869;"HANKA";"KUPIEC";"79390863267";1864;1864
870;"MARHARYTA";"KAèMIERSKI";"41755322979";1865;1865
871;"SCHOLASTYKA";"SCHMIDT";"68550421107";1866;1866
872;"ANA";"WIELGUS";"42294375707";1867;1867
873;"VOLHA";"ADAMIEC";"88246166457";1868;1868
874;"MYROSLAVA";"KOZAKIEWICZ";"63485346478";1869;1869
875;"MILA";"KOKOT";"70705808934";1870;1870
876;"KRISTINA";"JANCZAK";"84278706779";1871;1871
877;"ULIANA";"KAWALEC";"90761452099";1872;1872
878;"ANDREA";"GOLI—SKI";"56832894149";1873;1873
879;"MARTINA";"GO£•BEK";"55555760890";1874;1874
880;"ERNESTYNA";"ZAPA£A";"74312390846";1875;1875
881;"ZHANNA";"WYRZYKOWSKI";"55777726270";1876;1876
882;"WIRGINIA";"G£ADYSZ";"55300729655";1877;1877
883;"BOGDANA";"R”G";"72315449481";1878;1878
884;"J”ZEFINA";"OSOWSKI";"74407894344";1879;1879
885;"SOPHIA";"STOK£OSA";"70976454597";1880;1880
886;"KATSIARYNA";"JASKULSKI";"86216874495";1881;1881
887;"TETYANA";"BUGAJ";"69582371359";1882;1882
888;"ANZHELA";"BRODOWSKI";"49933657763";1883;1883
889;"INGEBORGA";"BARSZCZ";"54547446082";1884;1884
890;"BENIGNA";"BANASZAK";"86656261660";1885;1885
891;"IULIIA";"BIA£ECKI";"73775118964";1886;1886
892;"VERONICA";"WOJTASZEK";"43649762557";1887;1887
893;"LARA";"BIELA";"41877834018";1888;1888
894;"LINDA";"CHROBAK";"68379636100";1889;1889
895;"HERMINA";"åWIERCZEK";"72968164464";1890;1890
896;"KSAWERA";"ROMA—SKI";"44657146821";1891;1891
897;"NICOL";"BRZESKI";"84444744513";1892;1892
898;"IRMA";"MATUSIK";"45400649869";1893;1893
899;"LIVIA";"SZYMANOWSKI";"68198960696";1894;1894
900;"ALA";"BOJARSKI";"46949287901";1895;1895
901;"WANESA";"KOPROWSKI";"87223514100";1896;1896
902;"GALINA";"GARBACZ";"60995604392";1897;1897
903;"DARYNA";"MACH";"77741077533";1898;1898
904;"ANASTASIA";"LASEK";"78261647088";1899;1899
905;"CELESTYNA";"KONARSKI";"80289753655";1900;1900
906;"DØESIKA";"M•CZKA";"56514280639";1901;1901
907;"SERAFINA";"PLEWA";"62134039446";1902;1902
908;"MALINA";"POTOCKI";"58731884829";1903;1903
909;"JENNIFER";"GRUCA";"86912574423";1904;1904
910;"NIKOL";"PIERZCHA£A";"82927848579";1905;1905
911;"GANNA";"SUDO£";"84114121588";1906;1906
912;"MAJKA";"NOWI—SKI";"62232227749";1907;1907
913;"ANHELINA";"SOLECKI";"50338037843";1908;1908
914;"MARITA";"SMOLAREK";"68524244858";1909;1909
915;"PATRICIA";"KAROLAK";"52599830158";1910;1910
916;"KSENIIA";"LOREK";"58722537766";1911;1911
917;"GLORIA";"KOCHA—SKI";"63215357475";1912;1912
918;"ISABELLA";"GABRYå";"63965619486";1913;1913
919;"ADAMINA";"KOSTKA";"40812308515";1914;1914
920;"IWONNA";"P£ATEK";"82466409123";1915;1915
921;"SIMONA";"BALICKI";"54839481781";1916;1916
922;"EMANUELA";"SZCZYGIELSKI";"77218054024";1917;1917
923;"MIRA";"PISKORZ";"70425157692";1918;1918
924;"ALISA";"KALI—SKI";"55731411255";1919;1919
925;"JANA";"AMBROZIAK";"40116579549";1920;1920
926;"LUDWINA";"JAMR”Z";"86610285962";1921;1921
927;"ADOLFINA";"SUROWIEC";"58270943842";1922;1922
928;"LUDOMIRA";"WASZKIEWICZ";"88404942895";1923;1923
929;"DAJANA";"PUCHA£A";"86477434810";1924;1924
930;"ANIKA";"CZARNOTA";"75908463093";1925;1925
931;"INGRID";"£ACH";"72430628811";1926;1926
932;"SABRINA";"TRACZYK";"60549040426";1927;1927
933;"ELZA";"BILI—SKI";"56643887088";1928;1928
934;"ALOJZA";"PIECHOCKI";"87734435270";1929;1929
935;"SYLWESTRA";"PANASIUK";"42174091417";1930;1930
936;"EUFROZYNA";"PASZEK";"41129599590";1931;1931
937;"IDALIA";"SALA";"80611485437";1932;1932
938;"HANNAH";"DZIKOWSKI";"84423277177";1933;1933
939;"SVETLANA";"KOLASI—SKI";"76157871059";1934;1934
940;"BERENIKA";"W”JCIAK";"44225180622";1935;1935
941;"CARMEN";"BURDA";"44947355330";1936;1936
942;"CAROLINE";"W£OCH";"86461636199";1937;1937
943;"NIKOLETTA";"åWITA£A";"43824254449";1938;1938
944;"RAMONA";"ZBOROWSKI";"80608983824";1939;1939
945;"GABRIELLA";"BUREK";"77505156079";1940;1940
946;"ELLA";"PASEK";"40842424231";1941;1941
947;"DARYA";"WDOWIAK";"74374587911";1942;1942
948;"DARIIA";"NGUYEN";"42922684815";1943;1943
949;"ØAKLINA";"PI TA";"60619834816";1944;1944
950;"LEONA";"WAGNER";"78471641465";1945;1945
951;"KIRA";"KEMPA";"86674019122";1946;1946
952;"SVIATLANA";"OKO—";"77199623039";1947;1947
953;"NELLY";"BIEL";"63139041405";1948;1948
954;"EMILA";"BARON";"61703681793";1949;1949
955;"MARYIA";"BERNAT";"66892335826";1950;1950
956;"BOHDANA";"WALCZYK";"62205337913";1951;1951
957;"DALIA";"DOLATA";"55505646318";1952;1952
958;"LIUDMILA";"SZYMANIAK";"89760817848";1953;1953
959;"SWIET£ANA";"M•DRY";"42296379157";1954;1954
960;"VALENTINA";"GRELA";"84471898270";1955;1955
961;"EUDOKIA";"KRAUZE";"76121433587";1956;1956
962;"INA";"B£O—SKI";"85117294877";1957;1957
963;"SYBILLA";"BATOR";"52720603695";1958;1958
964;"ALICE";"OLEå";"48181969145";1959;1959
965;"ELIZABETH";"SKWAREK";"88918540345";1960;1960
966;"NAOMI";"ZAWISTOWSKI";"42791218371";1961;1961
967;"LILY";"WACHOWIAK";"48976416574";1962;1962
968;"ZORIANA";"STACHOWSKI";"78670256111";1963;1963
969;"HIERONIMA";"FIGURA";"45114223391";1964;1964
970;"MILANA";"JAROSZEWSKI";"41163844130";1965;1965
971;"NADIYA";"MODRZEJEWSKI";"51690015530";1966;1966
972;"HERONIMA";"STENCEL";"64837164360";1967;1967
973;"MICHAELA";"OSUCH";"49776495353";1968;1968
974;"FRYDERYKA";"ADAMCZEWSKI";"54205927688";1969;1969
975;"MARIE";"OG”REK";"86864908116";1970;1970
976;"ADOLFA";"CIO£EK";"44458990068";1971;1971
977;"ALICIA";"DZIURA";"77635038917";1972;1972
978;"S£AWA";"KAPICA";"55206170915";1973;1973
979;"LYUDMYLA";"FERENC";"83412357681";1974;1974
980;"ZENAIDA";"ZAR BSKI";"67706182938";1975;1975
981;"NELIA";"GAZDA";"49984853999";1976;1976
982;"GRACJANA";"G”RALCZYK";"62943172596";1977;1977
983;"WINCENTA";"FRANCZAK";"75579869552";1978;1978
984;"MARGARETA";"CICHOSZ";"51405566805";1979;1979
985;"BIANCA";"JEDYNAK";"75997486998";1980;1980
986;"MARGARITA";"£Oå";"88843527318";1981;1981
987;"BERNARDETA";"MULARCZYK";"52430635041";1982;1982
988;"VIOLETA";"ST PNIEWSKI";"52579056199";1983;1983
989;"SNIZHANA";"MIå";"41978356174";1984;1984
990;"INKA";"MROWIEC";"44374484485";1985;1985
991;"CYRYLA";"W•SOWSKI";"78806884608";1986;1986
992;"ØANETTA";"WEBER";"54787562767";1987;1987
993;"HANA";"WALIG”RA";"54403381563";1988;1988
994;"VIKTORYIA";"PARADOWSKI";"74216715792";1989;1989
995;"LILLY";"GROBELNY";"86223128387";1990;1990
996;"ELA";"P”£TORAK";"45670442645";1991;1991
997;"SZARLOTA";"LACHOWICZ";"79740269657";1992;1992
998;"ROXANA";"KOåCIELNIAK";"65966320497";1993;1993
999;"AUGUSTA";"MIECZKOWSKI";"88509148768";1994;1994
1000;"MARGOT";"DUTKIEWICZ";"44251049137";1995;1995
1001;"YAROSLAVA";"∆WIK";"77305306417";1996;1996
1002;"KAYA";"DOLI—SKI";"61270561449";1997;1997
1003;"VLADYSLAVA";"KO£ODZIEJCZAK";"74197041576";1998;1998
1004;"LES£AWA";"BOGDAN";"59834899418";1999;1999
1005;"LYUBOV";"BROØEK";"64278034220";2000;2000
