idAccounts,FirstName,LastName,PESEL,Registration,VIN,Brand,Model,Production
1,Ari,Graham,80080246798,XI4394,279821422739159000,Abarth,595,1993-07-02
2,Alyvia,Greene,55070914632,ZU2897,895983839031783000,"ALFA ROMEO",Giulietta,1989-12-15
3,Alonso,Spence,73032894859,DD1979,607145127966573000,"ALFA ROMEO",Giulia,1997-08-16
4,Virginia,Jackson,46102818358,WS3676,880425605199036000,AUDI,A1,1986-05-19
5,Deanna,Shaw,89071734669,FE8849,998089746381021000,AUDI,Q2,1995-09-20
6,Rose,Camacho,49011194953,JW6376,299579545508129000,AUDI,A3,1996-11-10
7,Natalee,Watson,85071518665,GA7794,634245762543013000,BMW,X2,1979-06-26
8,Skye,Kaufman,45090939346,RS1481,655289160255524000,BMW,X1,1968-06-08
9,Julio,Ayers,47082155718,WB4536,761248260631433000,BMW,"2 Series",1968-09-14
10,Moriah,Mercer,01292698229,NH3243,294395066672353000,BMW,"1 Series",1988-07-11
11,Darien,Dean,51040538527,QD4831,860338743195864000,BMW,"3 Series",1966-08-10
12,Emery,Cannon,66012457586,IW5715,755122186231311000,"CHRYSLER JEEP",Renegade,1997-03-02
13,Mollie,Morton,54111176529,ZN3744,767079860791035000,"CHRYSLER JEEP",Compass,1976-06-03
14,Sarai,Chandler,52080112481,FS4425,465498759770654000,CITROEN,C1,1987-10-14
15,Dangelo,Sampson,65122721138,VA7181,344363704479262000,CITROEN,"C4 Cactus",1971-10-30
16,Nigel,Huerta,80112578992,OJ7118,391030710423874000,CITROEN,Berlingo,1963-06-07
17,Lincoln,Nichols,79052487718,YC2563,417725763554639000,CITROEN,"Grand C4 SpaceTourer",1998-03-05
18,Sofia,Gibbs,67031636125,PD8131,469560120955232000,CITROEN,"C5 Aircross",1999-06-11
19,Izabella,Beltran,88112561417,GH4877,600475737726263000,CITROEN,SpaceTourer,1974-06-02
20,Myla,Sanders,75012034734,PX2379,362244034349546000,CITROEN,"C4 SpaceTourer",1975-07-11
21,Nelson,Patel,51080449481,FB3464,957724985210985000,CITROEN,"C3 Aircross",1968-08-26
22,Ayanna,Stark,93070776951,QK6963,497586288237081000,CITROEN,C3,1978-10-21
23,Jovanny,Ho,83033097199,RE2216,611098535577921000,DACIA,Duster,1996-03-11
24,Adrienne,Palmer,91101662545,QR1119,191957005139462000,DACIA,"Logan MCV Stepway",1966-01-23
25,Melina,Barron,49100827988,SP1358,325473278589635000,DACIA,"Logan MCV",1969-04-19
26,Gisselle,Houston,51081846829,WN5728,217506813492178000,DACIA,"Sandero Stepway",1966-06-02
27,Angelo,Wilson,02221136621,AW4595,469965652947061000,DACIA,Sandero,1988-09-24
28,Shaun,Glass,66072082151,NM4832,721520772496055000,FIAT,500C,1976-02-14
29,Bradley,Payne,66041035577,YL1747,728786617090327000,FIAT,500,1972-08-07
30,Celeste,Davidson,96041996897,RW3433,634619593498546000,FIAT,500X,1968-01-23
31,Sanaa,Villarreal,75102531219,BN1956,270796182301621000,FIAT,500L,1988-07-06
32,Kelton,Key,87012618836,QV9929,866292603316721000,FIAT,Panda,1976-05-27
33,Sydney,Frederick,74052258582,HA6284,956784242200412000,FIAT,Tipo,1985-01-11
34,Lamont,Ponce,60051221634,GQ8258,143895211252468000,FIAT,Doblo,1992-01-25
35,Christina,Bullock,49082472426,VN8644,602861990319223000,FIAT,Qubo,1993-05-11
36,Demarion,Conley,67102733128,ZF8632,656762327797558000,FORD,"Grand C-MAX",1967-12-16
37,Jerry,Harmon,78071213234,QC6427,694015292084419000,FORD,C-MAX,1977-06-30
38,Mitchell,Deleon,53040318378,GI7831,329914175404568000,FORD,Kuga,1975-04-14
39,Ashleigh,Calderon,59061238431,HS4963,413615975152372000,FORD,Fiesta,1968-12-03
40,Jaylen,Mullins,56121917998,VP9369,246362567148335000,FORD,Focus,1975-05-22
41,Prince,Mullins,49032726667,FB6386,712175037586845000,FORD,Galaxy,1997-01-21
42,Esther,Mitchell,73051017497,TE2842,865899272900001000,FORD,S-MAX,1985-03-16
43,Arianna,Hale,45051856248,YW1954,994164420437628000,FORD,"Tourneo Courier",1999-09-20
44,Ellie,Scott,90011481448,PU7528,850167880468968000,FORD,"Tourneo Connect",1974-01-28
45,Aleena,Hunter,86070627747,UK1974,982814485940794000,FORD,"Grand Tourneo Connect",1978-06-08
46,Edgar,Moss,93062899916,FZ3195,519373011818656000,FORD,Ka+,1974-12-01
47,Lexi,Franco,88052567353,RM3768,842350836092403000,FORD,EcoSport,1969-09-22
48,Kaylen,Hubbard,52053064263,DS8747,318994820336916000,HONDA,CR-V,1988-12-20
49,Peter,Simpson,66041661826,AX7199,406416944059365000,HONDA,Civic,1963-10-29
50,Aidyn,Schroeder,53052059294,VA2643,222524365369227000,HONDA,Jazz,1979-03-01
51,Daniella,Hutchinson,48030489495,LC6596,803210459629570000,HYUNDAI,i800,1961-01-19
52,Mariana,Morse,78011457634,SU9867,568982579050858000,HYUNDAI,Kona,1969-01-11
53,Lexi,Thompson,71011749352,PW1193,100075649462964000,HYUNDAI,Tucson,1983-09-24
54,Benjamin,Stephens,72072288886,AX6759,995114554759690000,HYUNDAI,i20,1964-05-04
55,Francesca,Franklin,96100158624,GA7638,887576497296605000,HYUNDAI,IONIQ,1978-03-02
56,Beckett,Rose,95010854682,JY6216,545651024678418000,HYUNDAI,i10,1996-09-26
57,Simeon,Ellis,94103168156,ZG2631,558689407606513000,HYUNDAI,ix20,1967-08-27
58,Hanna,Waters,86032619962,KU5221,896375058115464000,KIA,Picanto,1987-01-21
59,Jimena,Hodge,63032438377,NW4383,804738554013781000,KIA,Sportage,1993-03-21
60,Tyree,Pitts,69053188367,LV8347,731096927244745000,KIA,ceed,1976-05-15
61,Marquis,Ashley,57072264869,CE6669,879412661560295000,KIA,Venga,1962-02-08
62,Alberto,Franco,50082917271,WT2871,997364827668268000,KIA,Optima,1985-08-22
63,Jamal,Walsh,98100135667,LB4794,842089271702585000,KIA,Stonic,1964-06-19
64,Randall,Clark,55011167781,BG7358,448954972849511000,KIA,Rio,1978-10-25
65,Danika,Hurst,03312544413,KQ7469,356679317485434000,KIA,Niro,1965-08-10
66,Nora,Moreno,91010215469,PA8169,690045318342938000,KIA,Carens,1993-06-18
67,Zander,Reeves,69061016636,VO4568,618987340107638000,KIA,Soul,1962-10-10
68,Nataly,Huerta,65040493612,SX8376,514650148472966000,MAZDA,CX-5,1996-01-28
69,Kaya,Hinton,94061683362,AG9751,268513245101541000,MAZDA,MX-5,1966-11-25
70,Teresa,Tate,70033162734,FE5447,536447076086949000,MAZDA,CX-3,1966-10-21
71,Areli,Leon,80062682226,OR2592,611722648943795000,MAZDA,Mazda6,1997-12-23
72,Sadie,Ford,60080687432,NE8537,489851095574286000,MAZDA,Mazda2,1986-04-23
73,Mollie,Conway,90042256572,JJ5439,211904974295418000,"MERCEDES BENZ",A-Class,1991-07-01
74,Gary,Ellis,44010992618,SI5999,700711682527029000,"MERCEDES BENZ",B-Class,1973-01-27
75,Caitlin,Wilkerson,89021685892,UK9776,922920802014297000,"MERCEDES BENZ",GLA-Class,1996-09-28
76,Ellen,Patton,88100468791,CV8775,239183835778554000,"MERCEDES BENZ",CLA,1972-08-24
77,Grace,Marshall,91081476451,SC5116,478995968719995000,"MERCEDES BENZ",C-Class,1986-03-06
78,Justice,Levy,66112126595,WX2539,417525782530337000,"MERCEDES BENZ",Vito,1984-11-07
79,Ralph,Jennings,60082075693,BG8268,479968220801106000,MG,MG3,1967-12-15
80,June,Pierce,72042859528,XW8559,860680533622022000,MG,GS,1967-03-17
81,Jazmin,Owen,69110242276,CZ5666,232946438315929000,MG,ZS,1995-10-11
82,Harold,Conner,52110238479,CR1721,938529365172710000,MINI,"Mini Countryman",1977-02-22
83,Xiomara,Davenport,58100199168,KX1895,623074172524336000,MINI,Mini,1964-07-19
84,Noe,Chan,59012189496,MS7548,129848956238036000,MITSUBISHI,Mirage,1998-11-05
85,Leia,Russell,95011838467,FG6451,406500186418331000,MITSUBISHI,ASX,1971-07-13
86,Soren,Rich,99030695117,YE6343,975375964413323000,MITSUBISHI,"Eclipse Cross",1998-01-19
87,Jamir,Russell,62062069191,PM5585,760098940391129000,MITSUBISHI,Outlander,1981-12-21
88,Tate,Bush,88021713738,PX9738,703562962777959000,NISSAN,Qashqai,1973-12-19
89,Chaim,Burns,62010967489,CE8728,163880455403617000,NISSAN,Micra,1984-10-14
90,Silas,Lozano,81012799713,LW9814,612163242677594000,NISSAN,Juke,1994-05-04
91,Toby,Grimes,66102269923,MB7952,576759840022600000,PEUGEOT,"2008 SUV",1988-07-27
92,Gianni,Kramer,94081539894,EX2329,162416758342659000,PEUGEOT,Rifter,1998-07-23
93,Catalina,Swanson,00210471847,CJ5246,931436671918772000,PEUGEOT,"5008 SUV",1978-06-18
94,Nylah,Fuentes,78082785775,JA3159,930858499724812000,PEUGEOT,"3008 SUV",1978-09-07
95,Jayson,Woods,82121414227,DX9351,416745808202539000,PEUGEOT,508,1967-03-06
96,Selina,Berger,53120337732,QM4428,886226975886264000,PEUGEOT,Traveller,1999-07-26
97,Jared,Patton,96100659163,NE1949,916772881606416000,PEUGEOT,"308 SW",1967-04-28
98,Jean,Cobb,80022965237,AN3652,887305062365134000,PEUGEOT,308,1967-09-16
99,Yasmin,Alvarez,69040155138,AD1627,787372699413413000,PEUGEOT,208,1984-11-19
100,Calvin,Kaufman,67092255776,IS3179,875205827549795000,PEUGEOT,108,1994-12-23
101,Leticia,Case,66102859533,SX7185,978876534453240000,RENAULT,Captur,1992-01-24
102,Felicity,Bradley,53051477921,TP1518,458577611519532000,RENAULT,Kadjar,1967-12-29
103,Brennen,Moyer,97070462456,SF7643,232728105314686000,RENAULT,Trafic,1961-10-06
104,Catherine,Barajas,60091152433,HF2293,124831002345169000,RENAULT,Koleos,1998-09-14
105,Tanner,Walls,66030782653,VL8687,460322595173290000,RENAULT,Twingo,1977-12-04
106,Tania,Petersen,94012215598,IN9385,950803733296929000,RENAULT,Megane,1978-03-21
107,Elsie,Ochoa,88010856693,KG2183,533649948356961000,RENAULT,"Grand Scenic",1998-07-08
108,Memphis,Villa,59022828893,FO9717,334026945601730000,RENAULT,Zoe,1994-12-04
109,Heather,Boyle,89021378433,TZ7943,320774383789738000,RENAULT,Clio,1991-08-28
110,Kenyon,Cross,83111942362,TH6267,462478428622314000,SEAT,Ateca,1998-12-10
111,Cullen,Mcclure,89070798662,UI9694,662395156752423000,SEAT,Tarraco,1985-10-04
112,Kenny,Terry,51111765588,EQ6663,781914440525095000,SEAT,Alhambra,1993-12-13
113,Blake,Gay,91010295449,HH5368,705802208178927000,SEAT,Ibiza,1967-11-09
114,Karli,Bond,01230789664,JI6116,527143488790120000,SEAT,Arona,1963-02-19
115,Kayla,Mcdonald,55121535287,CM2689,646780816207678000,SEAT,Leon,1979-03-20
116,Jimmy,Ramos,66032724266,OH3252,640963338836288000,SEAT,Mii,1971-11-05
117,Marianna,Skinner,96082199262,XV4872,427090213609741000,SKODA,Superb,1976-01-06
118,Iris,Ward,55062445733,TY4195,351175127133516000,SKODA,Octavia,1999-03-16
119,Aidyn,Guzman,64120218682,JM2619,513014147897077000,SKODA,Kodiaq,1963-06-22
120,Israel,Wood,80102559316,CS6371,177079503580167000,SKODA,Citigo,1984-11-30
121,Emilie,Blankenship,93041126431,WA1389,128909838204720000,SKODA,Fabia,1995-08-16
122,Conner,Gonzalez,84110515366,TE4237,109098373680647000,SKODA,Karoq,1994-02-05
123,Michaela,Espinoza,67110594843,IN8954,232182690039956000,SMART,forfour,1964-03-23
124,Abdullah,Huber,72013146482,RZ1719,637072768647683000,SMART,fortwo,1965-01-11
125,Kassidy,Sullivan,75050429488,RC6786,149187181056807000,SUZUKI,Vitara,1968-10-07
126,Halle,Valencia,56110876981,HC5438,745322347741565000,SUZUKI,Swift,1965-06-20
127,Sidney,Jones,67012033387,OG1247,818004351880384000,SUZUKI,Baleno,1996-01-22
128,Aden,Juarez,69032851918,ZO5438,172082412182323000,SUZUKI,Ignis,1967-05-25
129,Russell,Matthews,75041119239,MS8351,224878091199014000,SUZUKI,S-Cross,1994-08-24
130,Scarlet,Henry,75072195132,KU9841,856905258425056000,SUZUKI,Celerio,1994-03-14
131,Cameron,Andrews,88030878235,FS3717,816876985078677000,TOYOTA,"PROACE Verso",1972-06-15
132,Keira,Christian,76011223862,SK3384,131593430230710000,TOYOTA,Prius+,1999-07-17
133,Jadiel,Williams,91012357475,XI9688,412022165067085000,TOYOTA,AYGO,1997-09-27
134,Payton,Dixon,87060249538,YF4547,673152922058896000,TOYOTA,Yaris,1993-02-24
135,Tamara,Christian,03260564277,AG8139,965267602008103000,TOYOTA,C-HR,1995-01-22
136,Jaidyn,Ford,55060187936,NX2655,196032390126517000,TOYOTA,Prius,1967-05-10
137,Gianni,Mullen,73042373995,YS9243,209732810672686000,TOYOTA,Auris,1987-04-13
138,Franco,Cline,49010751333,DW7929,442854770689757000,Opel,"Grandland X",1991-02-03
139,Madisyn,Benton,57040335188,WO9661,415546515086278000,Opel,Corsa,1962-03-10
140,Jensen,Hall,63112759529,BO8416,580538331264989000,Opel,"Crossland X",1993-01-28
141,Cameron,Franklin,52060168718,RV5242,604746252071633000,Opel,Viva,1974-09-15
142,Madeleine,Roy,71021523432,OW4633,923475719854132000,Opel,"Combo Life",1961-03-20
143,Ryland,Allen,71070425297,DP2443,470287562476914000,Opel,"Mokka X",1978-01-20
144,Mitchell,Bird,02281074965,WZ3864,887055246168909000,Opel,"Insignia Country Tourer",1976-07-02
145,Cierra,Page,62090386145,CD3433,781752773888720000,Opel,"Insignia Sports Tourer",1964-11-26
146,Keyla,Franco,56012436832,ZQ2391,250185370311544000,Opel,"Insignia Grand Sport",1995-12-21
147,Aldo,Alvarado,64060535885,FW2643,803685676657729000,Opel,Astra,1963-06-07
148,Melina,Koch,47082784183,XB1321,782037446098929000,Opel,ADAM,1999-07-05
149,Kylee,York,52021844736,GC6733,439773902320646000,Volkswagen,Tiguan,1965-03-27
150,Devon,Quinn,80030722576,ME8266,594236704122953000,Volkswagen,Polo,1965-12-13
151,Tabitha,Mercer,70121348336,TQ9287,432347811825069000,Volkswagen,"Golf SV",1988-04-17
152,Grace,Soto,98091433135,TF8169,325274684056511000,Volkswagen,"Tiguan Allspace",1988-02-24
153,Sincere,Hart,84082287452,ZP6318,235203384629185000,Volkswagen,Golf,1968-04-02
154,Izabelle,Pope,80050172342,MT4364,827813320138699000,Volkswagen,Touran,1978-12-03
155,Marely,Maxwell,54030194493,LQ4552,293691069209397000,Volkswagen,up!,1978-07-26
156,James,Miles,47051763894,DT2668,720231660047758000,Volkswagen,T-ROC,1972-03-26
157,Vance,Michael,75071513777,BE9954,355920262207099000,Volkswagen,Sharan,1998-06-05
158,Quentin,Banks,91090959554,EP9688,868047929274714000,Volkswagen,Passat,1971-02-18
159,Ariel,Orr,76112368394,OP2482,510155024999570000,VOLVO,XC40,1983-11-29
160,Mckayla,Ramsey,54040577352,RA1565,953900627414562000,VW,"Caddy Maxi",1985-10-11
161,Joselyn,Gardner,53090615388,LC9965,310556876719832000,VW,"Transporter Shuttle",1989-11-11
162,Janiya,Robbins,89100784234,LV9129,876498774727922000,VW,Caddy,1973-10-19
163,Jalen,Griffith,77041441761,MG9841,966280122528557000,Abarth,595,1974-06-27
164,Steven,Shah,94060836198,WT4266,914166534934364000,"ALFA ROMEO",Giulietta,1998-03-10
165,Alvin,Allen,03231279799,OB1238,515363793987937000,"ALFA ROMEO",Giulia,1972-01-06
166,Linda,Boyd,61012089713,GM4581,504035651792413000,AUDI,A1,1986-03-22
167,Kaitlyn,Douglas,83052039189,HM8483,418602836843033000,AUDI,Q2,1985-05-17
168,Nikolai,Andrews,45061423447,BH4633,983458721323751000,AUDI,A3,1984-10-09
169,Eden,Donaldson,63112992788,EF3876,327830625613558000,BMW,X2,1973-10-07
170,Raymond,Simpson,82042845469,RI4936,466319520699052000,BMW,X1,1987-11-02
171,Mateo,Johnston,74012994981,SL2253,358267824532827000,BMW,"2 Series",1998-02-28
172,Brooks,Anthony,79071217754,UW4536,565760061980730000,BMW,"1 Series",1965-02-07
173,Aaron,Hicks,56082934269,LC3511,686213160962953000,BMW,"3 Series",1967-05-13
174,Nayeli,Hurley,68030788868,MA8726,651153681684775000,"CHRYSLER JEEP",Renegade,1971-09-30
175,Mckenna,Vance,66052554683,KL2469,436424913087882000,"CHRYSLER JEEP",Compass,1974-06-08
176,Heidy,Kent,00240858399,EH2713,187580317396142000,CITROEN,C1,1977-06-07
177,Rory,Juarez,89070184281,PZ8797,281823786813536000,CITROEN,"C4 Cactus",1983-05-04
178,Alec,Fitzpatrick,81022052693,AI1443,953845608499408000,CITROEN,Berlingo,1973-08-20
179,Ryan,Harrington,03230223256,QU9112,793504444300478000,CITROEN,"Grand C4 SpaceTourer",1976-07-12
180,Nataly,Shaw,78030922232,YZ1564,667726280721533000,CITROEN,"C5 Aircross",1961-12-22
181,Melvin,Phillips,46072639447,HT4514,541709464028256000,CITROEN,SpaceTourer,1979-02-15
182,Kole,Parks,60091715795,ET2553,667766717181874000,CITROEN,"C4 SpaceTourer",1963-11-06
183,Finnegan,Knapp,71091355436,IF8813,909514983070128000,CITROEN,"C3 Aircross",1988-04-17
184,Payton,Gregory,70110268526,IX8918,218281116785079000,CITROEN,C3,1967-12-07
185,Carlee,Martinez,03240653865,HV4334,598999687459401000,DACIA,Duster,1965-02-28
186,Harmony,Keith,70080138647,YY7993,812697458129514000,DACIA,"Logan MCV Stepway",1982-04-15
187,Adrienne,Harrington,88121815334,SN1233,972935653697333000,DACIA,"Logan MCV",1993-05-07
188,Celeste,Herrera,64060655864,MK8225,132443322097777000,DACIA,"Sandero Stepway",1997-11-16
189,Kathryn,Strong,50042417333,DI8866,605546421439389000,DACIA,Sandero,1989-06-06
190,Leticia,Rose,96022272673,QS4657,159943567046491000,FIAT,500C,1978-01-13
191,Casey,Duran,75101914277,IA3973,659909553921738000,FIAT,500,1984-08-10
192,Isai,Wagner,72070667773,KB1692,525082515318751000,FIAT,500X,1961-07-15
193,Nehemiah,Freeman,02292633469,ZE8574,445879023087772000,FIAT,500L,1962-07-02
194,Dakota,Yang,99041679955,KE6988,904892195891486000,FIAT,Panda,1961-10-10
195,Ean,Stark,71052064814,BC3937,254566866658141000,FIAT,Tipo,1995-05-25
196,Alyson,Heath,55051415178,TX9892,722829442338764000,FIAT,Doblo,1994-10-12
197,Jazmine,Costa,57111728987,PU7386,930237533409004000,FIAT,Qubo,1994-04-19
198,Danica,Henry,82062317117,BH3992,487869133720489000,FORD,"Grand C-MAX",1972-03-10
199,Melody,Frost,52012057376,JO8493,206573775647210000,FORD,C-MAX,1974-01-22
200,Kasey,Frey,83090654447,SC8849,699810112851993000,FORD,Kuga,1984-04-03
201,Marin,Bartlett,44121763442,ZL3699,209476933953524000,FORD,Fiesta,1985-02-12
202,Charity,Salazar,78070951623,OF9864,116367613282707000,FORD,Focus,1964-06-02
203,Sincere,Barr,56071554441,UU3554,268035255590005000,FORD,Galaxy,1998-11-07
204,Ansley,Huerta,69030936732,SR4621,483140432907934000,FORD,S-MAX,1988-05-15
205,Kylie,Odom,51073165884,YM2535,681531499402478000,FORD,"Tourneo Courier",1974-10-26
206,Andreas,Mays,55021058981,MW3637,729627776158535000,FORD,"Tourneo Connect",1965-11-07
207,Clayton,Bowman,87111215556,YT9356,662480458638006000,FORD,"Grand Tourneo Connect",1995-12-05
208,Reynaldo,Wyatt,62122894534,PD3963,594500580294990000,FORD,Ka+,1961-01-12
209,Emely,Espinoza,82121453327,GE8431,774141579373722000,FORD,EcoSport,1962-10-19
210,Ishaan,Morgan,47120457987,OB6671,696325279699910000,HONDA,CR-V,1968-12-16
211,Jocelynn,Randall,85020182279,UU4642,461952947177973000,HONDA,Civic,1977-06-22
212,Nyla,Bryan,76121636945,PA9139,110086600002212000,HONDA,Jazz,1973-09-13
213,Alexzander,Case,62120941245,SA2444,822186847780608000,HYUNDAI,i800,1969-01-07
214,Krish,Wolf,48042016256,NY9862,868519001639938000,HYUNDAI,Kona,1966-08-16
215,Jesus,Mack,52010553546,GP3555,851948444271464000,HYUNDAI,Tucson,1982-06-26
216,Hudson,Hall,46081711893,JO9851,281919144748037000,HYUNDAI,i20,1961-03-25
217,David,Walters,57041718526,YF5373,836931272957283000,HYUNDAI,IONIQ,1978-08-26
218,Frank,Guerra,92030285285,BN8822,244640242650171000,HYUNDAI,i10,1971-10-11
219,Alijah,Ferrell,79063026919,PA1584,957827469135203000,HYUNDAI,ix20,1962-02-09
220,Mila,Zhang,59050983423,DV9194,872134626606000000,KIA,Picanto,1994-12-21
221,Alana,Duffy,74110278589,UN4211,504633052590613000,KIA,Sportage,1985-02-21
222,Piper,Molina,93040411732,PE9669,993700248402903000,KIA,ceed,1974-03-25
223,Lina,Ritter,67090738367,ZX3841,152157449670520000,KIA,Venga,1998-03-10
224,Isis,Santos,63121436217,DS8331,213509772932409000,KIA,Optima,1989-04-21
225,Erin,Chang,87011174737,TC2615,567159306631215000,KIA,Stonic,1976-05-29
226,Jaden,Hale,81101512438,UV8292,874584080899578000,KIA,Rio,1999-09-11
227,Joshua,Sharp,94100673121,ZO4966,863517747129915000,KIA,Niro,1973-08-25
228,Markus,Flores,51012412929,DQ4112,759099925754322000,KIA,Carens,1993-12-30
229,Tiara,Bennett,98081871811,YO3734,404441662718462000,KIA,Soul,1985-07-16
230,Bridget,Stanton,48021093256,CN1741,257340629783218000,MAZDA,CX-5,1995-09-08
231,Colin,Rosario,76111015792,DJ5853,445596814120994000,MAZDA,MX-5,1974-05-02
232,Mira,Roman,93021961289,VY3124,594690666030044000,MAZDA,CX-3,1992-02-13
233,Bryan,Shaw,99081677124,XM9321,967011988446049000,MAZDA,Mazda6,1976-12-12
234,Naomi,Oconnor,81042599637,WG5925,909825617259749000,"MERCEDES BENZ",A-Class,1992-11-12
235,Kirsten,Pope,74011055377,HU4635,703077182015092000,"MERCEDES BENZ",B-Class,1963-05-02
236,Rachel,Hughes,64123154192,MG6167,421332397656743000,"MERCEDES BENZ",GLA-Class,1966-02-17
237,Claudia,Brewer,64121686756,ZW4472,584968453391760000,"MERCEDES BENZ",CLA,1996-04-06
238,Valeria,Mann,94021939438,KA4868,518791944936112000,"MERCEDES BENZ",C-Class,1978-06-09
239,Dahlia,Nichols,62111519589,DJ3957,220381065662334000,"MERCEDES BENZ",Vito,1962-04-08
240,Harper,Moyer,53042013912,UC6649,405520618443380000,MG,MG3,1993-02-09
241,Reed,Rios,01252912462,SQ6532,204602385709515000,MG,GS,1986-11-03
242,Meghan,Hancock,75120484788,KY8258,118558065105640000,MG,ZS,1996-12-06
243,Wayne,Colon,49052561693,OY3636,157817465929988000,MINI,"Mini Countryman",1962-06-08
244,Nicole,Ashley,60092824694,EZ6324,305240152422593000,MINI,Mini,1989-10-19
245,Kamron,Greer,64102897126,PZ2635,549211919285137000,MITSUBISHI,Mirage,1978-10-12
246,Abdullah,Howell,60020875244,IY3432,632173269526409000,MITSUBISHI,ASX,1977-03-07
247,Aleah,Wise,50092348362,HV8897,498493372351820000,MITSUBISHI,"Eclipse Cross",1978-08-10
248,Asa,Macdonald,84041087646,PW7892,542597888462120000,MITSUBISHI,Outlander,1965-01-20
249,Karly,Bond,81052324652,MC5522,506414783483967000,NISSAN,Qashqai,1988-02-15
250,Autumn,Hubbard,57040447319,EK9423,120122079937535000,NISSAN,Micra,1981-01-19
251,Zion,Booth,56031689561,QP5973,828408155648095000,NISSAN,Juke,1977-06-24
252,Maximilian,Barber,75083034716,HS1123,930099169985510000,PEUGEOT,"2008 SUV",1977-01-04
253,Talan,Joyce,54033152885,KP2241,148694656154870000,PEUGEOT,Rifter,1967-12-15
254,Brady,Rios,72101526365,IB7951,868988830948605000,PEUGEOT,"5008 SUV",1984-12-09
255,Miley,Novak,63012071518,NU2659,441016203038172000,PEUGEOT,"3008 SUV",1967-09-22
256,Ryann,Ortega,61042025974,UE6553,569742232450876000,PEUGEOT,508,1996-02-11
257,Reyna,Keith,57010697544,RY8193,654852901734764000,PEUGEOT,Traveller,1982-09-06
258,Jair,Reese,45080381777,PT2355,814824236956435000,PEUGEOT,"308 SW",1992-09-07
259,Sarai,Burch,02242366991,YE7591,433113883830556000,PEUGEOT,308,1975-06-10
260,Jermaine,Benitez,84060394732,PZ7297,700429623394485000,PEUGEOT,208,1982-06-10
261,Ivan,Vang,63102654328,RE1997,692809862541308000,PEUGEOT,108,1983-02-16
262,Adelaide,Wood,71031544683,VL3533,420751482886166000,RENAULT,Captur,1976-07-16
263,Alivia,Vaughan,45122097244,VZ4618,743357899384785000,RENAULT,Kadjar,1967-01-23
264,Tucker,Baxter,83030534776,YJ3784,285007507226550000,RENAULT,Trafic,1963-12-13
265,Annabelle,Pope,54073176377,IE9946,383459594876520000,RENAULT,Koleos,1966-11-11
266,Hope,Mathews,61042174531,TR8545,666059640806713000,RENAULT,Twingo,1968-06-22
267,Samson,Jarvis,56050794446,XA5729,798432937797624000,RENAULT,Megane,1966-06-25
268,Keon,Lynn,61090249869,FI7193,578186657151055000,RENAULT,"Grand Scenic",1997-12-27
269,Carson,Dyer,98020291681,SR3244,447827908277266000,RENAULT,Zoe,1978-08-04
270,Pedro,Castaneda,84101674429,DO1274,423426313788172000,RENAULT,Clio,1962-12-26
271,Hugh,Lam,68080177997,CJ4262,569296834791211000,SEAT,Ateca,1965-09-05
272,Lainey,Henderson,98082559972,QQ2313,436434370956270000,SEAT,Tarraco,1994-01-19
273,Kristian,Villanueva,90052818995,SN1324,474699525459303000,SEAT,Alhambra,1973-08-11
274,Marianna,Parrish,99082635693,GX7151,379321212095669000,SEAT,Ibiza,1985-12-21
275,Davis,Valdez,65102044242,OI8886,302047219627508000,SEAT,Arona,1984-07-28
276,Kellen,Todd,73060245391,UY4449,743180848818719000,SEAT,Leon,1965-04-12
277,Kamren,Hudson,58042177237,VN2925,190791075614243000,SEAT,Mii,1972-02-17
278,Makayla,Francis,59031391283,YU8191,114080073231932000,SKODA,Superb,1994-01-18
279,Antoine,Gilmore,61091087598,VU4342,693462644517107000,SKODA,Octavia,1993-08-26
280,Celeste,Buck,02210593181,AU1643,975692339725735000,SKODA,Kodiaq,1991-12-28
281,Spencer,Mcdonald,72102278537,CN8684,638979176902228000,SKODA,Citigo,1997-08-09
282,Cindy,Nicholson,91070584718,AL9266,939021209544749000,SKODA,Fabia,1965-05-17
283,Corinne,Curtis,48080659112,YE8746,100101997833655000,SKODA,Karoq,1963-11-28
284,Aryana,Lee,46082519766,RF9543,976453728737828000,SMART,forfour,1996-08-19
285,Jaxon,Hoffman,95122747878,UK1938,432036267359443000,SMART,fortwo,1997-08-30
286,Christina,Gill,63082227442,KO4933,967838989872021000,SUZUKI,Vitara,1994-02-20
287,Amber,Stout,87061964353,BN8255,200746309180628000,SUZUKI,Swift,1999-05-02
288,Sariah,Fernandez,93020882181,DL1849,585996736007683000,SUZUKI,Baleno,1975-02-11
289,Brenna,Bowman,48112941994,JK7984,514812648856364000,SUZUKI,Ignis,1966-09-10
290,Maya,Moyer,55031763293,WJ8916,586248006449450000,SUZUKI,S-Cross,1962-10-28
291,Luca,Vargas,46110189521,UE6244,810782622715998000,SUZUKI,Celerio,1998-02-27
292,Bo,Strickland,60071299246,KC8367,454116062136798000,TOYOTA,"PROACE Verso",1973-09-09
293,Lola,Kelly,91062635787,BQ4515,387709460976432000,TOYOTA,Prius+,1967-09-16
294,George,Adkins,56101741438,GG2912,944327213253475000,TOYOTA,AYGO,1967-09-11
295,Phoebe,Potter,60051213978,DZ8318,159460734065072000,TOYOTA,Yaris,1987-08-18
296,Konner,Collier,45051091799,ZD5285,776670366579066000,TOYOTA,C-HR,1964-05-18
297,Jamar,Holder,89070456933,ZM6136,220363549573262000,TOYOTA,Prius,1976-12-27
298,Isiah,Haas,56052178877,YR4743,909315086131926000,TOYOTA,Auris,1989-10-13
299,Khloe,Le,52102976345,DL9937,571518876393477000,Opel,"Grandland X",1996-10-23
300,Howard,Richard,90092767453,XJ4822,108484905445791000,Opel,Corsa,1986-07-22
301,Zain,Chen,73060518341,YZ6847,391279454468417000,Opel,"Crossland X",1983-07-22
302,Randall,Barry,87101863116,OE6712,511527785740841000,Opel,Viva,1979-02-01
303,Kailee,Glenn,75120838426,HM4952,180193852866150000,Opel,"Combo Life",1966-08-16
304,Makena,Carrillo,65103163861,VZ5892,958341581329630000,Opel,"Mokka X",1967-01-25
305,Gwendolyn,Gray,88112892913,MM4999,940275737039496000,Opel,"Insignia Country Tourer",1995-03-18
306,Andrea,Compton,79112859343,VY7565,986941633742745000,Opel,"Insignia Sports Tourer",1963-10-16
307,Jayden,Price,82030592454,QA7413,206932314763713000,Opel,"Insignia Grand Sport",1978-12-20
308,Brayan,Byrd,73012843172,OB5658,247134251304604000,Opel,Astra,1994-02-26
309,Audrey,Newman,61071375981,SQ7199,407543055823564000,Opel,ADAM,1964-06-16
310,Eric,Bailey,51031525215,GZ3229,392843005526934000,Volkswagen,Tiguan,1986-01-08
311,Karla,Snyder,58042155819,GD1896,283268815777840000,Volkswagen,Polo,1966-08-13
312,Jose,Guerrero,76082058332,GU8364,376454760109047000,Volkswagen,"Golf SV",1983-10-18
313,Tyrone,Nolan,52092036926,EW4287,227347365885734000,Volkswagen,"Tiguan Allspace",1986-03-09
314,Jaquan,Ballard,48030419333,LZ8778,536692550864438000,Volkswagen,Golf,1979-06-15
315,Gina,Finley,60051141299,XA6916,196212421019059000,Volkswagen,Touran,1987-05-02
316,Khalil,Howe,72033184842,UV3938,541786959735094000,Volkswagen,up!,1983-11-22
317,Rebekah,Dixon,56101769661,WQ5536,987287487255291000,Volkswagen,T-ROC,1975-11-10
318,Karina,Moran,45122754125,LE7882,267784094202947000,Volkswagen,Sharan,1981-11-10
319,Ross,Casey,85092869786,KL6757,707546770997911000,Volkswagen,Passat,1964-04-13
320,Gauge,Harrington,44030735178,OP1384,748494168633774000,VOLVO,XC40,1974-01-30
321,Antony,Wong,71070933231,OZ2249,461796687816548000,VW,"Caddy Maxi",1986-01-16
322,Travis,Huff,74092513634,JD7715,693542467260327000,VW,"Transporter Shuttle",1965-12-05
323,Azaria,Hoffman,53041589786,JR5267,475857876015092000,VW,Caddy,1965-02-17
324,Ezequiel,Brewer,83082823684,AM9219,743067479266009000,Abarth,595,1982-02-11
325,Danica,Daniel,95031864785,PX8544,710046563077341000,"ALFA ROMEO",Giulietta,1988-02-02
326,Parker,West,03261065357,DD9932,234858051193425000,"ALFA ROMEO",Giulia,1991-02-26
327,Trevon,Schmidt,47062324369,NB6548,946071444775302000,AUDI,A1,1974-09-27
328,Jolie,Hester,64060164151,MK5856,974910855889942000,AUDI,Q2,1975-11-06
329,Jaylene,Miranda,83120758796,BH5276,313469815391788000,AUDI,A3,1978-06-30
330,Regan,Callahan,94102338497,SC9277,467498405005223000,BMW,X2,1964-12-23
331,Kennedy,Foley,87043047797,XD1527,326562700352576000,BMW,X1,1999-09-04
332,Pablo,Gordon,71031924456,OD3812,964364363950652000,BMW,"2 Series",1986-12-22
333,Terry,Valentine,67081199188,VL4979,971456790684106000,BMW,"1 Series",1968-04-18
334,Asia,Camacho,56011456174,EB9379,527902447600052000,BMW,"3 Series",1977-03-12
335,Ana,Mann,59022541488,GP1872,745549508634306000,"CHRYSLER JEEP",Renegade,1998-06-12
336,Rayan,Cooper,62092262658,VL1145,683965173520731000,"CHRYSLER JEEP",Compass,1961-01-12
337,Dax,Franco,99040366362,BH1452,808427339958419000,CITROEN,C1,1976-10-06
338,India,Santana,51082299343,TA5539,353953944752400000,CITROEN,"C4 Cactus",1982-09-18
339,Londyn,Reyes,91091751773,WY7497,306303333275057000,CITROEN,Berlingo,1966-11-09
340,Gabrielle,Michael,50100565761,EB1627,685054373986489000,CITROEN,"Grand C4 SpaceTourer",1968-03-15
341,Ayanna,Thompson,77071269375,LB7927,169928044767054000,CITROEN,"C5 Aircross",1982-02-23
342,Jayla,Nolan,67090465188,VE5224,632217588136711000,CITROEN,SpaceTourer,1991-02-18
343,Violet,Hicks,80080671691,YR7331,125933997203032000,CITROEN,"C4 SpaceTourer",1968-11-20
344,Lauryn,Pope,72011151123,SM9687,334907501104115000,CITROEN,"C3 Aircross",1991-08-02
345,Selah,Sutton,87010778222,WP9636,528682768370787000,CITROEN,C3,1978-02-16
346,Octavio,Carlson,89121848883,FV1347,724912189823413000,DACIA,Duster,1971-02-09
347,India,George,52052222189,XV2685,617841464402317000,DACIA,"Logan MCV Stepway",1972-08-26
348,Aleah,Maynard,88100234169,AZ1231,105485710503665000,DACIA,"Logan MCV",1977-01-21
349,Rey,Bautista,75072692349,SD9999,751700356815775000,DACIA,"Sandero Stepway",1985-06-20
350,Dillon,Patrick,77042139238,OD5541,146322863865599000,DACIA,Sandero,1979-10-25
351,Hamza,Lucas,92052218614,EP5166,118751038297198000,FIAT,500C,1984-07-14
352,Glenn,Benitez,65091197855,ZL7222,921387644475198000,FIAT,500,1982-12-23
353,Zoie,Kaiser,99110571692,LQ7831,732428769065744000,FIAT,500X,1984-07-25
354,Terry,Roberson,66011671543,BC2285,258990330419229000,FIAT,500L,1989-11-11
355,Lennon,Mcneil,93102539242,BK2545,316899953267675000,FIAT,Panda,1985-06-15
356,Jair,Patel,88041896239,MA1976,648865109711476000,FIAT,Tipo,1997-04-20
357,Sophie,Galloway,82012428243,NN6292,195005107452202000,FIAT,Doblo,1976-03-29
358,Enrique,Price,02311126873,FQ2182,552839935888350000,FIAT,Qubo,1977-01-10
359,Ashlee,Kline,49101326813,KO7926,414463276043518000,FORD,"Grand C-MAX",1973-03-30
360,Jovanni,Walton,97031146717,HW5456,844602686458209000,FORD,C-MAX,1985-01-26
361,Casey,Everett,48082956774,DM3252,354110742840228000,FORD,Kuga,1988-06-25
362,Maren,Wilcox,55012258112,TS5838,938846781953364000,FORD,Fiesta,1989-06-30
363,Nikolai,Vega,49120818827,LM6852,582125185405515000,FORD,Focus,1962-06-04
364,Alyson,Crosby,76052873787,BW7467,628357390150927000,FORD,Galaxy,1964-11-29
365,Jaelynn,Mccall,75070425271,AA3299,666321016900676000,FORD,S-MAX,1988-04-29
366,Enzo,Goodman,88041175882,NF5117,289901581577558000,FORD,"Tourneo Courier",1999-06-04
367,Ann,Hayes,72041812568,JC9729,239305579770871000,FORD,"Tourneo Connect",1996-09-15
368,Catalina,Lee,80062647298,UK8926,371075027701451000,FORD,"Grand Tourneo Connect",1968-10-21
369,Jaidyn,Reyes,54021054959,FN6912,515239538348524000,FORD,Ka+,1972-06-08
370,Landon,Gould,92092149727,IP4132,168874645357254000,FORD,EcoSport,1982-08-11
371,Kristian,Lowe,81120778699,MH9912,275115429197694000,HONDA,CR-V,1967-02-03
372,Laila,Duran,01250223513,KE2129,242174734387219000,HONDA,Civic,1996-10-18
373,Yusuf,Peterson,50092919335,LD6323,479277212430669000,HONDA,Jazz,1966-01-05
374,Hezekiah,Carr,97061646692,MG1651,624600800443347000,HYUNDAI,i800,1992-02-01
375,Harper,Hogan,74060439195,AV2659,356802575618337000,HYUNDAI,Kona,1963-06-12
376,Clayton,Ayers,03291367599,GR3925,616630027830348000,HYUNDAI,Tucson,1972-05-09
377,Raiden,Green,84060184957,UO9679,335966636541512000,HYUNDAI,i20,1985-08-14
378,Kadin,Daniels,03252982986,PN2197,100043232489489000,HYUNDAI,IONIQ,1967-01-22
379,Maximillian,Morton,73091467982,FX4113,670539912841843000,HYUNDAI,i10,1983-09-22
380,Noe,Sosa,55082468345,RX7714,444564282848806000,HYUNDAI,ix20,1999-03-03
381,Imani,Wallace,73020538138,ER4832,897362335053735000,KIA,Picanto,1988-02-16
382,Melanie,Odonnell,59101027546,ZN7244,185680664091570000,KIA,Sportage,1982-02-05
383,Liliana,Wang,51053081443,AN8493,203815471355844000,KIA,ceed,1968-12-07
384,Siena,Cummings,93080834931,HP8431,217969759558790000,KIA,Venga,1982-02-01
385,Dean,Arnold,65061381567,RI3337,558162617118079000,KIA,Optima,1964-11-20
386,Melany,Lee,70071245154,ZV6189,296542898195693000,KIA,Stonic,1975-06-26
387,Jerimiah,Serrano,01212293143,WE5611,707238707376891000,KIA,Rio,1974-12-08
388,Kaleigh,Bautista,57112992237,BS7729,167661815170348000,KIA,Niro,1981-08-04
389,Vincent,Knapp,72021626774,OJ8264,914098894776295000,KIA,Carens,1986-11-09
390,Casey,Harmon,75032382211,PN1542,542661034171742000,KIA,Soul,1995-12-18
391,River,Carrillo,99102221648,SW5168,823991157393118000,MAZDA,CX-5,1972-01-08
392,Leia,Garza,65071875168,NM5768,311226033823935000,MAZDA,MX-5,1988-01-24
393,Simone,Pace,94100871666,ZV1849,674781200114389000,MAZDA,CX-3,1983-08-05
394,Chasity,Norris,76021628842,QA2971,212433824514595000,MAZDA,Mazda6,1967-01-18
395,Julian,Jones,53031134213,QA9515,416987205162622000,MAZDA,Mazda2,1978-10-24
396,Bryanna,Castaneda,48102645255,JB5695,220825597008279000,"MERCEDES BENZ",A-Class,1964-03-30
397,Raphael,Stevens,83042785492,QJ5911,556755874475058000,"MERCEDES BENZ",B-Class,1991-12-19
398,Dominic,Monroe,00273028417,SH1936,289126784529933000,"MERCEDES BENZ",GLA-Class,1976-01-16
399,Veronica,Colon,82071132444,GW7958,871111674043790000,"MERCEDES BENZ",CLA,1997-08-02
400,Marlon,Frye,66090723973,LS3395,340383441708250000,"MERCEDES BENZ",C-Class,1975-05-22
401,Yadiel,Terry,60010712351,NR3347,151630962383813000,"MERCEDES BENZ",Vito,1999-12-30
402,Kianna,Arroyo,60091168692,NV2596,477738229393887000,MG,MG3,1999-01-03
403,Camryn,Davies,85091697582,TW4534,709701245206104000,MG,GS,1995-01-20
404,Aspen,Kirk,99062181338,RD4452,738075081321819000,MG,ZS,1993-12-18
405,Ahmad,Howe,96061062114,YE3654,108966118867900000,MINI,"Mini Countryman",1973-07-30
406,Jaida,Brewer,67013188246,WV8553,848174104377725000,MINI,Mini,1966-01-12
407,Easton,Stokes,66052745975,JR6613,157783798881096000,MITSUBISHI,Mirage,1983-10-25
408,Lea,Graves,91031887632,UY4395,202492689952272000,MITSUBISHI,ASX,1969-01-06
409,Tobias,Olson,97111232725,BN3697,784446603603787000,MITSUBISHI,"Eclipse Cross",1977-10-19
410,Yurem,Mooney,98103074965,JR1586,461771080087362000,MITSUBISHI,Outlander,1998-07-14
411,Charlize,Santos,50100722999,YK5575,251946612893902000,NISSAN,Qashqai,1974-02-23
412,Tatum,Mccarthy,77041925535,AU7396,126012924407417000,NISSAN,Micra,1989-05-17
413,Alexis,Mullen,88012478929,WP2328,829534082043563000,NISSAN,Juke,1971-06-10
414,Ian,Campbell,94041642718,WD3164,502453753450399000,PEUGEOT,"2008 SUV",1973-10-12
415,Jeremy,Graham,01241052959,KG6638,304034843256755000,PEUGEOT,Rifter,1986-01-18
416,Mayra,Myers,61112176465,TD6999,424172816309024000,PEUGEOT,"5008 SUV",1998-05-12
417,Jaquan,Mcintosh,54100986627,KH6981,549967939550707000,PEUGEOT,"3008 SUV",1976-08-24
418,Jaylyn,Maynard,45041422178,LC8674,704736025445790000,PEUGEOT,508,1964-07-26
419,Trystan,Camacho,52082543296,GZ7159,141137543636348000,PEUGEOT,Traveller,1983-08-01
420,Jadon,Arroyo,93051839765,QK8754,671939644619479000,PEUGEOT,"308 SW",1988-06-29
421,Kylee,Hill,73011993847,UN5328,786001358507420000,PEUGEOT,308,1973-08-20
422,Alma,Boyle,98080872165,VR5622,785777884204377000,PEUGEOT,208,1988-04-29
423,Nyasia,Michael,63061751197,ZP9777,213473145501383000,PEUGEOT,108,1991-09-14
424,Finnegan,Harrington,86051415134,KU4854,662954357814624000,RENAULT,Captur,1961-04-16
425,Kenley,Russell,46090589364,TE8461,751799922317125000,RENAULT,Kadjar,1977-02-04
426,Kelton,Roberts,97033163343,OU4987,622331052153154000,RENAULT,Trafic,1977-12-26
427,Ben,Mckay,87060279537,QL9388,820479052337607000,RENAULT,Koleos,1995-02-14
428,Emilia,Madden,93080862143,LO9465,143456966603386000,RENAULT,Twingo,1975-12-13
429,Dulce,Hooper,74112593381,VO3832,569977612390156000,RENAULT,Megane,1967-11-26
430,Joey,Chambers,98042333897,UK7259,233277763055614000,RENAULT,"Grand Scenic",1988-03-26
431,Kelsie,Stein,44041978993,NO2824,136885678854807000,RENAULT,Zoe,1986-03-29
432,Nathan,Yoder,94070152932,GU8645,530259494708405000,RENAULT,Clio,1999-07-05
433,Robert,Sherman,66041211496,FY2576,982593461174169000,SEAT,Ateca,1993-05-23
434,Lexie,Ross,51021863314,IQ5422,345308087530981000,SEAT,Tarraco,1984-01-13
435,Juan,Phelps,45040376164,YB6778,595366211829456000,SEAT,Alhambra,1993-10-23
436,Royce,Horn,66060251422,KE4214,355325739741326000,SEAT,Ibiza,1998-10-10
437,Ross,Sosa,84011564731,DZ9373,399714827789346000,SEAT,Arona,1984-03-15
438,Bridget,Brennan,01302576419,OL5153,325850152856390000,SEAT,Leon,1962-08-29
439,Cameron,Crawford,51080255714,IA4574,673806111953261000,SEAT,Mii,1993-03-05
440,Terrell,Ray,48070584828,YW7654,285368328986062000,SKODA,Superb,1995-05-26
441,Makhi,Malone,68040438467,JS6715,942928748541841000,SKODA,Octavia,1961-04-18
442,Payton,Mcknight,85070883434,UR5256,593997448137658000,SKODA,Kodiaq,1974-02-04
443,Lia,Lester,98120172521,XK7921,267983825114185000,SKODA,Citigo,1993-08-20
444,Dominick,Pace,76012232832,CX5149,463668531135456000,SKODA,Fabia,1999-05-15
445,Chandler,Oliver,83081524791,NR2821,965018767325832000,SKODA,Karoq,1998-02-11
446,Renee,Callahan,95011423287,VS6949,471290995740339000,SMART,forfour,1972-07-02
447,Camren,Harrison,51092487183,MB5662,669838408542092000,SMART,fortwo,1991-04-15
448,Damian,Kline,95053185554,RI7126,477017274543697000,SUZUKI,Vitara,1962-07-06
449,Roberto,Stone,90050965941,CM2825,358087843391924000,SUZUKI,Swift,1999-05-05
450,Evie,Gentry,92092348591,YM9351,305628645374043000,SUZUKI,Baleno,1988-08-10
451,Keagan,Moreno,64111585597,TW6661,982836406023219000,SUZUKI,Ignis,1997-09-29
452,Skyler,Glover,90101574898,CW9377,178233147654350000,SUZUKI,S-Cross,1978-07-14
453,Adrien,Sharp,84121029863,GS2738,663518554507417000,SUZUKI,Celerio,1963-05-09
454,Sage,Haas,53020922634,KL9238,831681870452842000,TOYOTA,"PROACE Verso",1985-03-04
455,Jaida,Chung,67070424138,NA9569,435806745496369000,TOYOTA,Prius+,1989-11-16
456,Tristan,Smith,64053095785,AO3249,967128196628450000,TOYOTA,AYGO,1979-07-12
457,Jaylynn,Yoder,62011127893,MM4675,885954361241815000,TOYOTA,Yaris,1997-04-12
458,Elliot,Leach,58081878515,JD6379,303589664812726000,TOYOTA,C-HR,1976-02-21
459,Yandel,Morales,84072468238,MW8887,811125785377230000,TOYOTA,Auris,1966-06-28
460,Reynaldo,Jarvis,01281098821,LM5112,753029197220366000,Opel,"Grandland X",1969-09-11
461,Evelin,Barrett,88081679892,RV5576,299123345079367000,Opel,Corsa,1973-04-11
462,Rex,Villegas,60041332986,NT1438,189085776392385000,Opel,"Crossland X",1968-05-26
463,Leroy,Mcneil,57103171829,WU6928,113085729527525000,Opel,Viva,1966-09-25
464,Gianni,Avila,01221767343,OX3881,558308541942959000,Opel,"Combo Life",1991-12-05
465,Antonio,Wade,78041339322,ZT2432,360973775227676000,Opel,"Mokka X",1975-02-12
466,Fletcher,Meadows,74032651451,ED2123,621860111434407000,Opel,"Insignia Country Tourer",1965-11-18
467,Danny,Spencer,86120827381,TL5999,276111327377481000,Opel,"Insignia Sports Tourer",1982-09-26
468,Alissa,Huffman,74072024921,LS5196,408817358960686000,Opel,"Insignia Grand Sport",1979-03-19
469,Noe,Nolan,68052896415,YJ3943,215736851531686000,Opel,Astra,1981-04-21
470,Aydin,Moses,90011411485,SW6798,295067240279593000,Opel,ADAM,1966-07-10
471,Gaige,Vaughan,79082912871,QV7874,216622723404558000,Volkswagen,Tiguan,1963-11-29
472,Pranav,Dean,50091522259,VG1427,807030869197404000,Volkswagen,Polo,1978-10-11
473,Quincy,Jarvis,92090874289,UN9526,998427967717154000,Volkswagen,"Golf SV",1975-07-09
474,Trinity,Singh,90112966819,LA2657,275771387635634000,Volkswagen,"Tiguan Allspace",1987-07-04
475,Vincent,Bolton,73111078228,RC9153,428719979532920000,Volkswagen,Golf,1976-12-25
476,Anahi,Pennington,51091087483,RV8723,382512439550162000,Volkswagen,Touran,1977-06-02
477,Kayla,Brewer,03291298592,BS6796,380737891771949000,Volkswagen,up!,1977-09-15
478,Jamya,Medina,70072788221,YJ5591,724967483028332000,Volkswagen,T-ROC,1989-11-03
479,Emerson,Malone,81121458271,YL9797,408958483462796000,Volkswagen,Sharan,1965-01-19
480,Camryn,Harvey,83081358349,JW4237,384923065239220000,Volkswagen,Passat,1984-07-26
481,Cassie,Stephens,96042522237,YV2121,533875616002699000,VOLVO,XC40,1984-11-05
482,Alberto,Boyer,78062739413,SL1846,935629405367070000,VW,"Caddy Maxi",1963-08-23
483,Zayne,Summers,62080269656,UT6623,941606066301736000,VW,"Transporter Shuttle",1974-05-15
484,Cassandra,Morrow,59072631661,TS5725,886853094366130000,VW,Caddy,1964-03-29
485,Omar,Chan,88020291583,II5264,413042108823208000,Abarth,595,1972-02-18
486,Richard,Espinoza,94112036747,QL6658,250727308845646000,"ALFA ROMEO",Giulietta,1981-07-30
487,Steve,Orr,88090636691,SN4359,326916608695970000,"ALFA ROMEO",Giulia,1973-09-19
488,Isabella,Brady,79050817465,MM1249,978906934825149000,AUDI,A1,1963-04-15
489,Brisa,Perez,67082333927,AQ7695,196696812273267000,AUDI,Q2,1995-09-25
490,Davin,Byrd,01300161248,KV2597,623576100043466000,AUDI,A3,1994-03-04
491,Milo,Cisneros,92051617629,XB8526,402237888420059000,BMW,X2,1985-02-07
492,Terrance,Solis,59072451137,HM7946,590889815655106000,BMW,X1,1963-07-17
493,Adan,Mcmahon,96052816827,SE7359,345228480924988000,BMW,"2 Series",1996-12-27
494,Ezequiel,Ramos,68033171665,SY8378,106626080041285000,BMW,"1 Series",1972-11-26
495,Niko,Sharp,89041465368,VY3928,355497536419464000,BMW,"3 Series",1961-03-14
496,Estrella,Myers,67082916223,IN5997,201453216210206000,"CHRYSLER JEEP",Renegade,1961-10-23
497,Vivian,Kramer,93091232791,ZL7643,604054779279442000,"CHRYSLER JEEP",Compass,1968-08-25
498,Cooper,Jacobs,82070999767,NU7374,966355387821581000,CITROEN,C1,1969-07-28
499,Franco,Graham,00252551437,EV6689,117755955851583000,CITROEN,"C4 Cactus",1969-10-05
500,Elsie,Houston,76121359585,NO3887,850548185218184000,CITROEN,Berlingo,1965-10-09
501,Sidney,Page,59071036795,JZ5486,690870083291133000,CITROEN,"Grand C4 SpaceTourer",1967-04-21
502,Marvin,Jacobs,84082573296,WX3223,438482834916185000,CITROEN,"C5 Aircross",1993-10-01
503,Gia,Hunter,72031561713,CT4713,426972884826483000,CITROEN,SpaceTourer,1966-04-30
504,Esmeralda,Cobb,67021371571,EX5314,307028216010170000,CITROEN,"C4 SpaceTourer",1977-08-25
505,Madeleine,Hodge,86030818219,IY4519,487166474984910000,CITROEN,"C3 Aircross",1994-10-26
506,Kael,Burgess,66122557365,GW8492,385849604982996000,CITROEN,C3,1974-11-08
507,Alyvia,Phelps,61042265277,YJ7687,221605553251845000,DACIA,Duster,1998-03-21
508,Helen,Todd,02322327847,OB5138,132235301786821000,DACIA,"Logan MCV Stepway",1976-03-19
509,Johnathon,Garcia,70062414767,GY6712,496812167128425000,DACIA,"Logan MCV",1986-11-21
510,Jaylen,Morales,87072293147,IM1584,560701194954326000,DACIA,"Sandero Stepway",1971-09-06
511,Jazlene,English,60091367251,KC9328,724032387422397000,DACIA,Sandero,1987-07-03
512,Nathaniel,Reed,66070512379,KL3128,533398143799717000,FIAT,500C,1966-12-16
513,Savanah,Pearson,51112452979,DW7537,978522220310444000,FIAT,500,1973-10-08
514,Ireland,Ponce,45092576925,OF6842,379626706930421000,FIAT,500X,1972-09-03
515,Ronnie,Clarke,64072787953,HJ2981,510974180518631000,FIAT,500L,1962-03-03
516,Alana,Best,68122232121,AT4963,809323472722345000,FIAT,Panda,1984-01-01
517,Garrett,Ramirez,82122235816,MA1135,537521039442708000,FIAT,Tipo,1972-10-17
518,Demarcus,Conway,47121578959,WK1351,695594971328757000,FIAT,Doblo,1981-10-16
519,Xander,Wheeler,62031143583,RU8265,127030524071463000,FIAT,Qubo,1978-12-17
520,Ashtyn,Jacobson,61042552685,CQ3617,542237850381875000,FORD,"Grand C-MAX",1996-02-22
521,Gavyn,Kirby,03280925832,TI6237,933331564552471000,FORD,C-MAX,1969-03-05
522,Davis,Nichols,92011646661,DI7144,907479288552259000,FORD,Kuga,1992-11-12
523,Elaine,Crane,45120854827,DL9578,448453380152842000,FORD,Fiesta,1986-06-15
524,Tatum,Pacheco,00251653338,QR3243,689798143105238000,FORD,Focus,1976-07-07
525,Ximena,Norman,66081927511,AL4876,827807514751220000,FORD,Galaxy,1982-06-04
526,Desiree,Gaines,53100739341,XL9234,655231596404879000,FORD,S-MAX,1962-02-23
527,Malakai,Weaver,88011816652,IX4385,663804416925973000,FORD,"Tourneo Courier",1997-01-08
528,Ava,Roberson,56101337129,IZ1871,954238150391294000,FORD,"Tourneo Connect",1991-12-27
529,Salvador,Solis,54110624641,QZ4895,662721391320630000,FORD,"Grand Tourneo Connect",1979-11-30
530,Shaniya,Rosario,59120531626,OF3944,461667251963321000,FORD,Ka+,1998-05-09
531,Jamir,Russo,01302429496,LE6118,391835466754599000,FORD,EcoSport,1972-01-24
532,Sanaa,Elliott,79050985492,YP3466,182301331875794000,HONDA,CR-V,1962-05-14
533,Ahmed,Frank,57072991185,UC6969,575587542041639000,HONDA,Civic,1994-11-22
534,Leah,Buck,99091751113,BO7312,494617328915061000,HONDA,Jazz,1988-12-05
535,Holly,Scott,71062911872,LZ1476,573662500375227000,HYUNDAI,i800,1963-09-09
536,Jan,Thompson,66102937259,GL1189,378243649890254000,HYUNDAI,Kona,1972-10-03
537,Sienna,Ali,92052025788,QX1836,423787942846451000,HYUNDAI,Tucson,1999-12-03
538,Isis,Sweeney,50012984425,SR4363,939135085717357000,HYUNDAI,i20,1963-03-12
539,Salvatore,Livingston,65091122989,GG3199,678088746259336000,HYUNDAI,IONIQ,1971-10-25
540,Declan,Kelly,94121415153,RQ4523,701799215066327000,HYUNDAI,i10,1969-01-20
541,Graham,Meyers,70100836663,ID7429,722073203649880000,HYUNDAI,ix20,1985-07-25
542,Case,Shaffer,74041118385,HN8536,891663835109365000,KIA,Picanto,1992-09-07
543,Rodrigo,Scott,75102589472,OU5444,625673817991048000,KIA,Sportage,1968-03-07
544,Julissa,Day,71082117874,YJ4937,381533454580460000,KIA,ceed,1977-09-28
545,Maeve,Pollard,59082444916,SB7499,319397164191422000,KIA,Venga,1977-08-01
546,Jaylee,Howard,72082594979,AD7956,657225440670117000,KIA,Optima,1982-07-25
547,Laila,Reid,65011359684,GF3491,227906855337926000,KIA,Stonic,1964-03-23
548,Khloe,Nixon,57102479133,CR3326,754801087709828000,KIA,Rio,1994-10-12
549,Katelyn,Newman,51072676921,IC8347,159829797234215000,KIA,Niro,1975-02-09
550,Fletcher,Acevedo,56101752494,PO4838,404819974660405000,KIA,Carens,1981-05-20
551,Rhett,Mcdonald,60102851564,QS8883,240036842700299000,KIA,Soul,1999-08-13
552,Kimberly,Roach,58032885717,CB8238,632643995905352000,MAZDA,CX-5,1996-07-10
553,Caitlin,Randolph,60080733881,LH7894,291725177915714000,MAZDA,MX-5,1976-12-06
554,Josh,Melton,73101987857,GA3974,382181976166857000,MAZDA,CX-3,1963-04-17
555,Samuel,Pugh,81052694463,YH9852,729366507162887000,MAZDA,Mazda6,1986-09-17
556,Natasha,Howard,80101927741,YK2831,518934325462975000,MAZDA,Mazda2,1986-07-19
557,Jaiden,Richmond,81090645939,TP4935,454492444396389000,"MERCEDES BENZ",A-Class,1993-03-23
558,Brody,Wood,99123059789,QY4391,579568247934617000,"MERCEDES BENZ",B-Class,1971-09-22
559,Ezra,Rubio,91062294212,UI8737,478951013310690000,"MERCEDES BENZ",GLA-Class,1966-06-05
560,Lacey,Harrell,00242274922,YP4453,167170890179598000,"MERCEDES BENZ",CLA,1992-11-17
561,Dania,Rhodes,68051747712,QK7815,871363526657478000,"MERCEDES BENZ",C-Class,1976-10-05
562,Royce,Blevins,73111331473,GX4996,565796345191322000,"MERCEDES BENZ",Vito,1981-12-10
563,Angelica,Burton,87100758815,XQ8782,438792758998587000,MG,MG3,1968-07-28
564,Derrick,Cantu,63021874854,LQ5369,149328274717079000,MG,GS,1987-04-17
565,Brycen,Barajas,83081676245,XT6117,129096805466628000,MG,ZS,1964-05-08
566,Nickolas,Pace,49103051838,TZ5344,781849045657743000,MINI,"Mini Countryman",1976-03-28
567,Sofia,Wallace,67092553324,FW2579,638620263911845000,MINI,Mini,1975-05-22
568,Charlize,Jones,73063017779,AP9725,736300827015445000,MITSUBISHI,Mirage,1972-01-10
569,Quinn,Scott,80091856557,GV5255,973544192863671000,MITSUBISHI,ASX,1993-06-12
570,Cesar,Lynn,55050326831,YC8915,382527357832237000,MITSUBISHI,"Eclipse Cross",1987-09-10
571,Aileen,Eaton,68040345767,CF6199,245646246768606000,MITSUBISHI,Outlander,1997-02-01
572,Kymani,Trevino,49072187989,TO5983,548075730629222000,NISSAN,Qashqai,1972-08-02
573,Maribel,Wilson,90011623378,LL5818,493059807749082000,NISSAN,Micra,1979-07-21
574,Khloe,Graham,71032888443,FK7532,527254713414020000,NISSAN,Juke,1978-11-22
575,Cristina,Weaver,46060527811,PN5673,908119900428636000,PEUGEOT,"2008 SUV",1988-01-06
576,Cruz,Weaver,70041226224,MK3839,110147859199494000,PEUGEOT,Rifter,1965-09-30
577,Brett,Velez,70112586819,YL9967,712921555124510000,PEUGEOT,"5008 SUV",1991-08-17
578,Jamarion,Mathews,94061175564,YE9516,598932484517579000,PEUGEOT,"3008 SUV",1975-09-24
579,Jeramiah,Andrade,99102041336,EC9776,906292542979777000,PEUGEOT,508,1979-07-18
580,Jaylen,Barton,52021311418,TR8774,671881222034628000,PEUGEOT,Traveller,1973-02-14
581,Martin,Porter,65112239935,YT2559,256097319242111000,PEUGEOT,"308 SW",1977-06-01
582,Tyler,Booth,57021119844,CZ8877,298771309701666000,PEUGEOT,308,1991-10-27
583,Keon,Lowery,91080584184,PF5668,637959283827197000,PEUGEOT,208,1972-06-27
584,Taylor,Fritz,62082179285,JH1428,829788024141499000,PEUGEOT,108,1975-09-23
585,Alayna,Arias,59041984712,AO4857,372539739828218000,RENAULT,Captur,1997-03-10
586,Sebastian,Dickson,63111484622,JH3919,537096185340265000,RENAULT,Kadjar,1967-05-26
587,Amaya,Solis,51022047315,QM9179,625762706793927000,RENAULT,Trafic,1974-09-08
588,Autumn,Tanner,60011226482,MP3921,300092756708849000,RENAULT,Koleos,1978-12-03
589,Erick,Mcdaniel,85053118632,EC8447,419766461940417000,RENAULT,Twingo,1978-04-03
590,Lia,Cobb,99030155196,HR3513,410755596417663000,RENAULT,Megane,1991-07-20
591,Annabelle,Sweeney,81120117148,LP3528,513112324693004000,RENAULT,"Grand Scenic",1997-08-23
592,Kailey,Reed,83120557869,JO6617,378396161908438000,RENAULT,Zoe,1962-11-08
593,Cierra,Holloway,98110337527,CT9981,648088861477471000,RENAULT,Clio,1976-03-09
594,Lilliana,Contreras,75032118724,CM8984,772189259763953000,SEAT,Tarraco,1989-03-03
595,Amya,Finley,79042179159,LM2986,229080211247690000,SEAT,Alhambra,1983-03-14
596,Marcel,Mckay,87090382779,PE5919,461483522535635000,SEAT,Ibiza,1982-02-26
597,Jamya,Walters,96072631741,MM4328,809662657528933000,SEAT,Arona,1967-01-05
598,Osvaldo,Marsh,70060538544,PG4298,437200902383328000,SEAT,Leon,1963-06-18
599,Rose,Edwards,76031425754,UI7246,712130699082793000,SEAT,Mii,1982-12-16
600,Araceli,Schmidt,77062545145,IJ3856,101369290291379000,SKODA,Superb,1997-05-18
601,Valentino,Montes,03301177837,RJ5397,336771610659198000,SKODA,Octavia,1982-04-09
602,Alvin,Dudley,48063044346,KA5852,602616562520848000,SKODA,Kodiaq,1963-09-03
603,Gage,Hicks,78050229447,NL4982,433987777341063000,SKODA,Citigo,1987-11-08
604,Payten,Cabrera,60072095117,UC1958,552777369523781000,SKODA,Fabia,1975-01-27
605,Aydan,Mooney,77103053277,AD1397,161088046190123000,SKODA,Karoq,1978-11-28
606,Eliezer,Rowe,86121345327,GO1248,705621554600741000,SMART,forfour,1996-07-17
607,Camilla,Mcmillan,47041285339,IS8657,274210454908845000,SMART,fortwo,1993-04-01
608,Emma,Small,93120797987,KB8166,400052254143496000,SUZUKI,Vitara,1968-05-12
609,Ashley,Summers,87071228968,QP3532,743917807308538000,SUZUKI,Swift,1998-04-07
610,Katrina,Mayo,61033062476,LG1971,139718434452611000,SUZUKI,Baleno,1969-10-12
611,Janelle,Wiley,45052128319,BP2916,829852635985201000,SUZUKI,Ignis,1995-08-17
612,Ansley,Cooper,51120616411,IY8193,969812467346890000,SUZUKI,S-Cross,1985-01-14
613,Quentin,Rivas,47061486411,GZ8248,894102944906788000,SUZUKI,Celerio,1988-03-28
614,Cornelius,Decker,44020729291,LJ8351,310628114945928000,TOYOTA,"PROACE Verso",1993-10-25
615,Sydnee,Cannon,87032544881,WO5561,506533164204045000,TOYOTA,Prius+,1996-09-13
616,Maddox,Dunn,51021879795,NN3469,714328940629432000,TOYOTA,AYGO,1978-05-06
617,Jerimiah,Leonard,71100274279,YU6944,585563777562866000,TOYOTA,Yaris,1971-10-24
618,Kasey,English,50100235471,MB2468,420141479662425000,TOYOTA,C-HR,1968-11-06
619,Sidney,Ellison,68052423673,NS8698,253915672236570000,TOYOTA,Prius,1971-05-14
620,Malaki,Crawford,45101457416,BU2324,146756048196757000,TOYOTA,Auris,1999-12-01
621,Ashley,Boyle,88071764937,DR4672,201584405487281000,Opel,"Grandland X",1999-04-30
622,Cindy,Lowe,95062524227,OD2137,900164812869386000,Opel,Corsa,1999-02-09
623,Markus,Cochran,00311841183,SU7611,314604940687689000,Opel,"Crossland X",1965-11-17
624,Roy,Donovan,82071943765,LR5911,757763904995756000,Opel,Viva,1974-05-04
625,Ulises,Golden,01212095271,QS8663,359523853836981000,Opel,"Combo Life",1976-12-21
626,Rey,Shaffer,80032366657,VQ2496,445707667190612000,Opel,"Mokka X",1994-06-21
627,Titus,Bryant,96053043352,BJ2194,491928423130149000,Opel,"Insignia Country Tourer",1988-04-21
628,Derrick,Small,82060855169,CV3829,638123173520336000,Opel,"Insignia Sports Tourer",1975-05-09
629,Margaret,Washington,56090886651,VN6211,648266150951940000,Opel,"Insignia Grand Sport",1969-06-27
630,Theodore,Joseph,82062875811,YS3282,548452693170394000,Opel,Astra,1984-11-25
631,Quincy,Parker,68011864565,GK2755,564411185215084000,Opel,ADAM,1975-06-17
632,Finn,Villarreal,87020115572,DZ2198,136479673801828000,Volkswagen,Tiguan,1974-08-03
633,Alexander,Richard,85091252419,XW7693,273867299858645000,Volkswagen,Polo,1992-02-17
634,Giovanni,Brennan,45022567513,JM2619,708139650077359000,Volkswagen,"Golf SV",1994-06-30
635,Kelsie,Meza,47081516396,IN1567,241131615484512000,Volkswagen,"Tiguan Allspace",1983-11-05
636,Jaxson,Gallagher,72030887731,KY2551,259218643634010000,Volkswagen,Golf,1998-01-19
637,Kareem,Ware,00292955525,ZV6128,242279164766248000,Volkswagen,Touran,1989-03-25
638,Clay,Winters,78080447493,OL7145,761855676030086000,Volkswagen,up!,1967-07-20
639,Brady,Beard,57081975291,NW5479,508498300791070000,Volkswagen,T-ROC,1969-06-29
640,Gloria,Wade,92112212266,ZK9472,614049672109984000,Volkswagen,Sharan,1967-11-21
641,Brent,Marsh,92091868319,JF5399,566005561192714000,Volkswagen,Passat,1988-10-19
642,Gavin,Santana,94032048352,EL7824,544172565559183000,VOLVO,XC40,1966-04-10
643,Trystan,Kidd,97040757432,LB6345,380772807983851000,VW,"Caddy Maxi",1983-02-16
644,Jenna,Reyes,83082796889,AO6291,241841647204853000,VW,"Transporter Shuttle",1968-01-01
645,Monique,Murray,52012171977,OJ2584,821612889776365000,VW,Caddy,1993-04-10
646,Todd,Woodward,96060416181,NV6945,192060348534853000,Abarth,595,1984-01-23
647,Tomas,Greene,03232544412,TY6718,289952668197871000,"ALFA ROMEO",Giulietta,1993-07-06
648,Ivy,Farrell,86062523873,HI6824,996367059601468000,"ALFA ROMEO",Giulia,1974-06-07
649,Braeden,Nunez,54011373282,ZU4365,505871362722146000,AUDI,A1,1966-05-19
650,Felicity,Shields,64041427174,BC5215,557328052934358000,AUDI,Q2,1989-08-28
651,Angela,Galvan,55050953181,FM3449,491776886600519000,AUDI,A3,1991-02-05
652,Quentin,Pratt,56052918653,AA7784,548987355656155000,BMW,X2,1995-09-23
653,Beckett,Powers,44080595535,KX2337,473188006208507000,BMW,X1,1993-08-25
654,Miracle,Greene,73070176432,MX3462,971170076619290000,BMW,"2 Series",1966-01-24
655,Addyson,Mcmillan,70032745413,BX4273,804732522582415000,BMW,"1 Series",1972-03-24
656,Houston,Forbes,84120139291,EZ6558,374529514592240000,BMW,"3 Series",1969-11-10
657,Bentley,Snyder,64110224673,CH4123,666366519874335000,"CHRYSLER JEEP",Renegade,1975-09-23
658,Daphne,Shields,99072271326,YV8769,840400694976961000,"CHRYSLER JEEP",Compass,1978-12-27
659,Gavin,Farmer,82101816676,AY3875,881588803616539000,CITROEN,C1,1967-04-07
660,Jasmine,Lawrence,93103175197,UP2289,125226047684289000,CITROEN,"C4 Cactus",1981-05-14
661,Jadyn,Delacruz,45032124139,ER5719,518258244903616000,CITROEN,Berlingo,1999-10-14
662,Silas,Moody,47051396973,MN6754,310797552148597000,CITROEN,"Grand C4 SpaceTourer",1961-03-06
663,Katelynn,Livingston,55071437284,QP5145,113768324810944000,CITROEN,"C5 Aircross",1965-12-10
664,Owen,Gibson,96062123898,EM2242,786638557897605000,CITROEN,SpaceTourer,1977-09-18
665,Teagan,Stephenson,96090934428,OU6333,706373507355868000,CITROEN,"C4 SpaceTourer",1961-05-08
666,Nikolas,Ibarra,97050367742,PH2434,569158951228158000,CITROEN,"C3 Aircross",1967-10-20
667,Roy,Jimenez,58012073462,CM7894,563956398603715000,CITROEN,C3,1983-01-26
668,Laney,Medina,97071387381,IV4243,562668513987768000,DACIA,Duster,1982-01-20
669,John,Cabrera,99041351233,EM2213,968731615552228000,DACIA,"Logan MCV Stepway",1989-01-22
670,Ryleigh,Parks,84042971847,BQ6814,507895393776759000,DACIA,"Logan MCV",1961-04-23
671,Helena,Bowen,95012911842,JK5564,757001514045597000,DACIA,"Sandero Stepway",1967-04-27
672,Julian,Carter,47081622132,RU9241,469402891947111000,DACIA,Sandero,1978-10-14
673,Milton,Moran,01282011317,SN4986,751204225401344000,FIAT,500C,1996-03-30
674,Valentino,Roth,67111571188,LB2396,650625859733003000,FIAT,500,1998-06-29
675,Johnny,Sherman,55031269331,SA3642,703563847601382000,FIAT,500X,1986-03-13
676,Lia,Figueroa,03210367233,AM4937,674518269922271000,FIAT,500L,1995-10-30
677,Alijah,Hubbard,80032128394,ZI5947,649164363599457000,FIAT,Panda,1998-08-14
678,Jacoby,Bowers,03300619226,UT9955,528468699747130000,FIAT,Tipo,1971-07-15
679,Hector,Norris,57120662797,FI9211,596921992542411000,FIAT,Doblo,1964-03-19
680,Heidi,Peters,63041384915,NF3476,576374853686474000,FIAT,Qubo,1979-05-22
681,Phoenix,Mcclain,96011314186,UU6661,919020673423754000,FORD,"Grand C-MAX",1967-02-24
682,Grace,Berg,89020834716,HS7176,441268001839304000,FORD,C-MAX,1976-11-15
683,Irene,Goodman,53012944653,HX3575,743226333686264000,FORD,Kuga,1985-12-24
684,Christian,Strong,54041298555,XA2279,478484349178187000,FORD,Fiesta,1964-04-27
685,Jamar,Sanders,71081521368,SA6947,215341057872433000,FORD,Focus,1974-05-16
686,Raegan,Rojas,59081889462,HI3414,446155330402124000,FORD,Galaxy,1977-06-17
687,Mikayla,Rice,52041587473,IY7911,816015182099068000,FORD,"Tourneo Courier",1971-08-01
688,Brianna,Barrera,72051213148,TN1258,309210762296712000,FORD,"Tourneo Connect",1999-03-26
689,Rachael,Armstrong,47031324831,BB5727,715837915569182000,FORD,"Grand Tourneo Connect",1967-03-13
690,Alivia,Barrera,85072684743,FB8969,514852578914870000,FORD,Ka+,1968-06-22
691,Dana,Walls,45122721864,MR4452,283237564857066000,FORD,EcoSport,1969-10-11
692,Isabel,Dixon,46053034317,CQ5796,299600647161725000,HONDA,CR-V,1967-11-18
693,Jaida,Logan,55010564886,TV5989,876752622066704000,HONDA,Civic,1992-06-30
694,Kane,Sutton,03231995394,SF7945,839878046063164000,HONDA,Jazz,1973-06-13
695,Randall,York,50120135711,ZW6736,440033368797356000,HYUNDAI,i800,1998-06-07
696,Julian,Singh,49111319166,IA1862,317364240044763000,HYUNDAI,Kona,1984-03-25
697,Kylie,Weeks,69111251659,SV8483,553969289250641000,HYUNDAI,Tucson,1993-05-09
698,Conrad,Nelson,76042784134,OW7598,116202330950601000,HYUNDAI,i20,1971-02-14
699,Carolina,Hahn,88110423962,FA9396,263857147652262000,HYUNDAI,IONIQ,1963-03-30
700,Cannon,Parrish,53011052683,TB8858,800900376917278000,HYUNDAI,i10,1982-09-12
701,Jonas,Dunn,65020229352,CM8955,152604578411117000,HYUNDAI,ix20,1999-07-03
702,Alyson,Woodard,61083148935,PO3298,886050763806511000,KIA,Picanto,1979-04-14
703,Angeline,Riddle,44060214445,TG8552,419590925618056000,KIA,Sportage,1966-04-18
704,Oswaldo,Heath,72060642436,JL4733,416794722763644000,KIA,ceed,1993-01-03
705,Kayla,Oneill,64020381482,WU8968,167872565755628000,KIA,Venga,1999-08-30
706,Jaden,Vargas,87080132748,TN4239,412166361030460000,KIA,Optima,1961-08-23
707,Deegan,Richmond,56061564351,EI9371,665836145750500000,KIA,Stonic,1983-05-01
708,Beckham,Liu,46040682871,SQ9245,121854193543601000,KIA,Rio,1987-04-30
709,Terrance,Solomon,45081066743,BA5247,281510413117808000,KIA,Niro,1985-12-28
710,Kian,Hanson,50060828216,CN9239,890142772885719000,KIA,Carens,1995-05-19
711,Ariel,Cochran,47050397746,AG5634,599221637862922000,KIA,Soul,1998-08-25
712,Jordyn,Haley,44070734843,AG6915,109763218078930000,MAZDA,CX-5,1995-04-21
713,Justin,Barrett,02280827243,GU7592,436416158653337000,MAZDA,MX-5,1979-01-03
714,Cason,Rowe,46051612566,FI2692,763850868367560000,MAZDA,CX-3,1995-01-19
715,Naomi,Fields,46020448275,PW9713,623825842379493000,MAZDA,Mazda6,1975-08-19
716,Clara,Deleon,90051189623,TJ1552,250734622054113000,MAZDA,Mazda2,1978-06-25
717,Desirae,Mathis,48040854889,TA6718,645173691301716000,"MERCEDES BENZ",A-Class,1994-10-07
718,Lydia,Blanchard,83111473152,FU3565,119774603398653000,"MERCEDES BENZ",B-Class,1975-07-10
719,Ahmed,George,93020746896,SS9416,338220921039736000,"MERCEDES BENZ",GLA-Class,1991-04-21
720,Jaylin,Meza,00242612326,RZ1417,927994007677264000,"MERCEDES BENZ",CLA,1993-01-22
721,Kolten,Reyes,78052691484,QI7254,185981119659069000,"MERCEDES BENZ",C-Class,1965-06-21
722,Annie,Walls,95020324924,XV2437,736939797369906000,"MERCEDES BENZ",Vito,1976-03-24
723,Melina,Tate,51010195958,UU6375,574617119166866000,MG,MG3,1969-05-06
724,Alfred,Melton,64020665191,MI1949,958935302866427000,MG,GS,1989-04-10
725,Cullen,Ayala,77031096991,FL2481,508216273066971000,MG,ZS,1975-04-05
726,Jeffery,Benton,93052731271,TI9295,142322714406913000,MINI,"Mini Countryman",1975-12-27
727,Marina,Dennis,94061853978,GD5696,910623714838517000,MINI,Mini,1965-09-02
728,Rodrigo,Aguilar,72032854836,DZ8835,288331508168574000,MITSUBISHI,Mirage,1975-10-23
729,Devan,Stone,83072431914,GW9195,630891096700512000,MITSUBISHI,ASX,1992-12-30
730,Emmanuel,Hood,56020699892,CK7333,648663530944935000,MITSUBISHI,"Eclipse Cross",1971-04-04
731,Mackenzie,Huang,61060728918,KJ7197,829128276608043000,MITSUBISHI,Outlander,1998-07-15
732,Donald,Boyd,58061158372,IR3875,120715202370778000,NISSAN,Qashqai,1979-10-15
733,Elias,Phelps,56070732363,WH3777,564511077277953000,NISSAN,Micra,1967-09-07
734,Maliyah,Gentry,57072999992,AU5458,179209370786047000,NISSAN,Juke,1978-11-18
735,Randy,Frazier,47011862834,DB4584,565914510610077000,PEUGEOT,"2008 SUV",1965-03-05
736,Trevor,Branch,66090135433,TV1526,921684646182052000,PEUGEOT,Rifter,1963-08-02
737,Maurice,Chang,48072837917,WB8874,142651158692142000,PEUGEOT,"5008 SUV",1987-11-28
738,Jaylen,Petty,50121112223,NV1493,110279564967284000,PEUGEOT,"3008 SUV",1971-03-20
739,Dana,Reeves,60112868176,AR5865,414788553438552000,PEUGEOT,508,1979-11-10
740,Gilberto,Arellano,53061366228,XL4265,101166488515177000,PEUGEOT,Traveller,1978-03-26
741,Nathaly,Mckinney,87110574647,EQ4643,608408709191963000,PEUGEOT,"308 SW",1981-07-20
742,Gilberto,Graves,81041953287,RJ1589,411672055150314000,PEUGEOT,308,1971-04-20
743,Sydney,Savage,58092153898,NE5729,939728637211233000,PEUGEOT,208,1986-02-24
744,Kameron,Frye,46012681912,YU8668,641854072798477000,PEUGEOT,108,1999-06-05
745,Lucas,Wilkinson,99091461313,MI1643,347894323198248000,RENAULT,Captur,1962-07-27
746,Damion,Carlson,60111137581,TY2265,664323040656600000,RENAULT,Kadjar,1995-06-25
747,Armani,Page,98071427332,KR5861,508031478525408000,RENAULT,Trafic,1974-03-11
748,Jaydan,Sampson,02302117251,BU5665,615513258959376000,RENAULT,Koleos,1971-02-03
749,Maryjane,Zhang,00232041987,EZ4748,698385213391357000,RENAULT,Twingo,1998-08-06
750,Rosa,Flynn,93030355167,FB2956,745503223515086000,RENAULT,Megane,1989-02-06
751,Aditya,Knight,62100794681,DY9556,596332442640342000,RENAULT,"Grand Scenic",1986-03-28
752,Kierra,Frank,65040885749,WG8988,271124642459851000,RENAULT,Zoe,1964-02-07
753,Tiana,Singleton,96081316925,DU8189,550127999008020000,RENAULT,Clio,1992-07-27
754,Isiah,Allison,98031436729,JU2856,323412134286653000,SEAT,Ateca,1972-12-14
755,Soren,Gill,84080372446,OO4161,153828360663285000,SEAT,Tarraco,1989-06-13
756,Paisley,Randolph,78040147368,RF1116,865373153712354000,SEAT,Alhambra,1986-07-17
757,Trevin,Holt,44072379376,HJ1294,480384422188968000,SEAT,Ibiza,1997-10-24
758,Lorenzo,Villa,48062297424,CE6918,463255313675244000,SEAT,Arona,1999-09-08
759,Leon,Santos,58081033734,EV5646,932795082405052000,SEAT,Leon,1973-12-25
760,Darnell,Brennan,93123078188,DD5577,578918346424821000,SEAT,Mii,1969-07-14
761,Gisselle,Mata,52012487793,HN9766,812855234865766000,SKODA,Superb,1984-07-15
762,Clarissa,Buchanan,01232665122,SX4599,889610397566131000,SKODA,Octavia,1993-11-06
763,Yareli,Jenkins,98031356773,AH1583,448674755492981000,SKODA,Kodiaq,1983-01-02
764,Atticus,Cain,66072963685,BF9371,485511152286709000,SKODA,Citigo,1969-10-23
765,Felipe,Johnston,84063029275,MX1558,185129899916035000,SKODA,Fabia,1978-08-25
766,Wyatt,Chung,95021596128,QQ5875,964537255169316000,SKODA,Karoq,1964-09-06
767,Reina,Deleon,74040473311,HO7544,304962844975156000,SMART,forfour,1966-12-11
768,Celeste,Shaffer,62021458581,PH6494,702733782824552000,SMART,fortwo,1963-11-17
769,Efrain,Lyons,47010654151,EA5788,679681811831760000,SUZUKI,Vitara,1996-08-14
770,Parker,Rogers,83092712134,FY7289,282035123600555000,SUZUKI,Swift,1972-01-18
771,Viviana,Lynch,01270991254,EJ1478,406242511615617000,SUZUKI,Baleno,1978-09-12
772,Josiah,Dominguez,84122127324,XE9272,190327219302985000,SUZUKI,Ignis,1998-09-25
773,Carmen,Montoya,01321834747,BY2634,357571744300457000,SUZUKI,S-Cross,1969-01-03
774,Makayla,Avery,68031947196,SK7414,791072398768582000,SUZUKI,Celerio,1989-12-04
775,Giuliana,Hoffman,02230422382,OV9738,966538293228629000,TOYOTA,"PROACE Verso",1979-04-08
776,Lorena,House,88041833665,UC1958,976799862615751000,TOYOTA,Prius+,1997-04-05
777,Kennedi,Melton,79012697537,GS5277,974845695059932000,TOYOTA,AYGO,1982-02-15
778,Cale,West,45051159198,EI1892,596567094242929000,TOYOTA,Yaris,1968-05-02
779,Dakota,Poole,02301093262,KS8516,188803788736492000,TOYOTA,C-HR,1984-09-28
780,Rowan,Holt,50020184743,WR3132,484256330125911000,TOYOTA,Prius,1992-05-29
781,Rachael,Hines,57091839556,FI3819,653253529361607000,TOYOTA,Auris,1992-01-08
782,Eduardo,Lutz,82122692413,AD1836,937224777134910000,Opel,"Grandland X",1968-11-30
783,Gavyn,Potter,61072981677,ZG5258,753049036054885000,Opel,Corsa,1975-04-03
784,Harper,Abbott,63060298895,PI3836,991649618522546000,Opel,"Crossland X",1985-11-14
785,Jacqueline,Wyatt,01221831727,VK3963,341808999623299000,Opel,Viva,1962-08-10
786,Kylan,Gibbs,90072629164,IM9635,306446758943725000,Opel,"Combo Life",1967-03-12
787,Kolten,Hogan,98050195841,KR3128,544058209635421000,Opel,"Mokka X",1978-03-26
788,Quincy,Schroeder,60051064673,CA7159,938467915186481000,Opel,"Insignia Country Tourer",1994-11-28
789,Iris,Tanner,46090761944,VH8972,744119304287139000,Opel,"Insignia Sports Tourer",1963-08-11
790,Haiden,Green,47013051382,TP2115,372139148556031000,Opel,"Insignia Grand Sport",1984-06-04
791,Hezekiah,Stewart,89092962135,GQ3559,844555048700823000,Opel,Astra,1989-02-17
792,Juliette,Bowen,56081346942,LD9326,269601654464563000,Opel,ADAM,1992-06-11
793,Dennis,Paul,83100658674,AA3576,518006070848896000,Volkswagen,Tiguan,1971-06-03
794,Aryan,Gay,65080223253,RA7139,783233024833144000,Volkswagen,Polo,1981-10-09
795,Landen,Avery,64080115272,QT8955,859606070004814000,Volkswagen,"Golf SV",1976-12-04
796,Deangelo,Meyers,49080935998,EA7177,970759111588341000,Volkswagen,"Tiguan Allspace",1998-07-27
797,Alfonso,Dougherty,89020676112,QJ7742,791276906263552000,Volkswagen,Golf,1961-05-12
798,Kyan,Flowers,76102691471,NL7548,359723750526826000,Volkswagen,Touran,1988-03-04
799,Zachariah,Mullen,64102386585,EK5126,933486812170271000,Volkswagen,up!,1963-10-22
800,Harper,Hodge,00311412651,MQ5131,859039738673628000,Volkswagen,T-ROC,1984-11-29
801,Heather,Wilson,54121811571,JD1436,541161914204114000,Volkswagen,Sharan,1967-01-03
802,Zackery,Turner,03221345365,NK7519,160927029971676000,Volkswagen,Passat,1999-03-26
803,Jaylah,Baxter,52072759489,AX7928,583037044145599000,VOLVO,XC40,1979-05-21
804,Ryleigh,Riley,96050492814,EL2472,959841012904077000,VW,"Caddy Maxi",1969-11-20
805,Rylee,Lawrence,73060269124,KS9972,305014254730669000,VW,"Transporter Shuttle",1979-09-11
806,Ariana,Cordova,90020248533,YB8683,102852371758417000,VW,Caddy,1966-06-19
807,Alberto,Glass,75030269972,RL9218,397973649449792000,Abarth,595,1976-03-23
808,Isaiah,Burch,86061943335,PU5761,772560633041971000,"ALFA ROMEO",Giulietta,1983-05-04
809,Charles,Russell,92062498446,DT5264,652028072573489000,"ALFA ROMEO",Giulia,1972-06-28
810,Kristen,Dean,73112075361,TM2432,225338709317985000,AUDI,A1,1981-07-04
811,Tatum,Atkins,57063058116,NG6582,489912376340180000,AUDI,Q2,1961-04-04
812,Antoine,Reilly,65082327757,SN6326,710035902447120000,AUDI,A3,1962-11-09
813,Braedon,Jennings,74022715695,XD3818,648236249757087000,BMW,X2,1981-02-14
814,Raymond,Solis,65011637298,SB2476,754924233688163000,BMW,X1,1975-01-10
815,Gia,Paul,60071241267,TK3573,911952311631741000,BMW,"2 Series",1962-12-01
816,Avery,Best,01321618475,YO3627,843838701538577000,BMW,"1 Series",1965-06-12
817,Rogelio,Bryan,79093043113,TS3532,702405222089173000,BMW,"3 Series",1979-04-28
818,Luka,Burton,48070583544,MC5197,342076831263908000,"CHRYSLER JEEP",Renegade,1969-11-19
819,Larissa,Mullins,01240928264,HJ6273,556445234726682000,"CHRYSLER JEEP",Compass,1984-09-05
820,Nylah,Stevens,72010598398,CH2913,302223186603400000,CITROEN,C1,1961-09-08
821,Cole,Lara,98062575293,TW9825,771163346114697000,CITROEN,"C4 Cactus",1968-02-20
822,Reginald,Fischer,82091296391,HD1168,657940492079875000,CITROEN,Berlingo,1963-01-03
823,Davin,Whitaker,87022618189,DN8761,155480718614730000,CITROEN,"Grand C4 SpaceTourer",1975-02-11
824,Zackary,Pennington,48071329974,NW5762,858081237204363000,CITROEN,"C5 Aircross",1971-04-27
825,Saniya,Gibson,72080793981,NJ3891,810162533285459000,CITROEN,SpaceTourer,1973-06-24
826,Jeffrey,Wolf,99031616946,XT1457,287187462439609000,CITROEN,"C4 SpaceTourer",1976-12-15
827,Shyla,Owens,64071181987,GH4166,795539426695057000,CITROEN,"C3 Aircross",1967-01-20
828,Christine,Harrison,59082677738,SU4544,110780595856037000,CITROEN,C3,1969-05-26
829,Charity,Ellis,81080646724,OF3869,697276685665708000,DACIA,Duster,1984-09-01
830,Aydan,Pope,47062558977,LJ4227,939819188889485000,DACIA,"Logan MCV Stepway",1968-04-19
831,Camren,Graves,48022558536,ZO7997,664995743938945000,DACIA,"Logan MCV",1968-05-12
832,Aspen,Mills,95012714988,IL8713,804924530826927000,DACIA,"Sandero Stepway",1989-03-18
833,Brogan,Cantrell,91042652467,TW8828,565967352800317000,DACIA,Sandero,1971-12-20
834,Diana,Hayden,44091446824,YD6528,292384560604767000,FIAT,500C,1995-01-13
835,Mariah,Roberson,56110756841,LB4299,405321481696377000,FIAT,500,1985-10-06
836,Lucille,Ali,48081156366,HB8467,870527131660578000,FIAT,500X,1996-08-13
837,Miranda,Farmer,65121914379,EI8961,922509504725046000,FIAT,500L,1987-05-28
838,Adrian,Wong,00262417992,MF3995,718647894609402000,FIAT,Panda,1979-02-23
839,Alejandro,Hughes,45073036369,OY3528,513608863587540000,FIAT,Tipo,1993-04-23
840,Mikaela,Barnett,99061298329,EG4296,236669101510673000,FIAT,Doblo,1984-07-29
841,Aaliyah,Santana,74113097488,VT2865,813398327788806000,FIAT,Qubo,1984-11-04
842,Cesar,Winters,77011953614,JH6874,102803687493343000,FORD,"Grand C-MAX",1962-02-13
843,Gavin,Carter,78071663855,EP9338,192079874865244000,FORD,C-MAX,1962-05-06
844,Walter,Reeves,61031068177,BK3295,871831999255309000,FORD,Kuga,1983-11-09
845,Greyson,Hogan,57081085666,XR5437,270656044827878000,FORD,Fiesta,1976-01-11
846,April,Harvey,47110852484,LT5362,521801844107974000,FORD,Focus,1966-10-01
847,Julius,Pollard,81052274445,FM3435,416771237592441000,FORD,Galaxy,1999-05-10
848,Hunter,Clark,94062998544,SL8883,973631422880212000,FORD,S-MAX,1998-09-22
849,Cara,Hayes,78102277583,LX5651,784880155705760000,FORD,"Tourneo Courier",1977-12-28
850,Deborah,Adams,59072862221,HO7386,552763520833596000,FORD,"Tourneo Connect",1974-02-11
851,Liam,Terry,48121921662,FE6874,897701266964121000,FORD,"Grand Tourneo Connect",1968-04-25
852,Kirsten,Conrad,58062837854,PE8931,809357038866594000,FORD,Ka+,1971-12-27
853,Skyler,Mejia,76012712657,MO3276,796130673163765000,FORD,EcoSport,1983-12-24
854,Stanley,Wood,92060372937,FB9351,331513398849706000,HONDA,CR-V,1975-05-16
855,Tyler,Singleton,73051628936,EN8445,354924439292873000,HONDA,Civic,1981-01-19
856,Angie,Phillips,01300615334,HP6113,131511615962017000,HONDA,Jazz,1965-06-27
857,Gabrielle,Barajas,45050478966,VL8766,762853124200858000,HYUNDAI,i800,1975-06-22
858,Davon,Vincent,95101637792,HW3826,232293097236274000,HYUNDAI,Kona,1961-01-06
859,Aliyah,Mejia,74021784658,QJ1984,900314228583479000,HYUNDAI,Tucson,1964-12-13
860,Jalen,Howard,84010458613,JS1267,234120011069529000,HYUNDAI,i20,1972-05-05
861,Aylin,Wilcox,74072237518,LU9341,628184641546375000,HYUNDAI,IONIQ,1964-10-03
862,Ace,Rosario,77101182656,AH9973,143406336857597000,HYUNDAI,i10,1987-07-06
863,Mark,Stewart,45111144533,JC9118,164613059136263000,HYUNDAI,ix20,1973-08-23
864,Zaiden,Prince,66011095916,IP1343,979214187759515000,KIA,Picanto,1996-02-06
865,Gideon,Jordan,58060854989,RC4995,399572185728030000,KIA,Sportage,1973-05-13
866,Abagail,Chang,46081587988,CP6452,580632371718476000,KIA,ceed,1991-01-27
867,Melina,Anthony,54021014445,MX3167,351652518076935000,KIA,Venga,1974-04-06
868,Joshua,Flowers,44110638755,KK7186,510484042748339000,KIA,Optima,1988-06-05
869,Santino,Robinson,03312989937,HS7614,506323748930854000,KIA,Stonic,1997-10-29
870,Dexter,Calderon,78051535729,KP4689,923189465116441000,KIA,Rio,1991-05-18
871,Gianna,Santiago,86070126345,WY7722,893127780835199000,KIA,Niro,1978-11-26
872,Mayra,Parks,86090399819,CY6486,849141841811920000,KIA,Carens,1998-10-26
873,Clara,Lang,66112699617,OO7332,104650695414188000,KIA,Soul,1969-06-03
874,Keith,Morales,72032155173,BW6223,771656962803311000,MAZDA,CX-5,1972-06-20
875,Dorian,Stout,44100857968,LZ9952,301755600353155000,MAZDA,MX-5,1999-10-30
876,Melissa,Garza,57072218455,VV3791,780773476434507000,MAZDA,CX-3,1993-03-17
877,Dylan,Norris,48062054845,WG8951,547159559131802000,MAZDA,Mazda6,1962-01-11
878,Yahir,Mercer,61051921722,QH7424,416332322775287000,"MERCEDES BENZ",A-Class,1961-05-05
879,Frances,Archer,70012249762,XM3582,428571717920826000,"MERCEDES BENZ",B-Class,1985-08-30
880,Helena,Hendrix,97041212125,SI4719,104312852993932000,"MERCEDES BENZ",GLA-Class,1975-01-01
881,Aditya,Campbell,86062034896,JA9329,940121572363363000,"MERCEDES BENZ",CLA,1973-10-30
882,Kadence,Jennings,57121445577,ZV7867,740408365332033000,"MERCEDES BENZ",C-Class,1978-11-26
883,Walker,Rich,77052733679,LO2283,255026774218935000,"MERCEDES BENZ",Vito,1974-12-02
884,Dean,Charles,58032683629,SU9355,302422637897135000,MG,MG3,1985-12-18
885,Bradyn,Knight,95030257272,TK5465,782492463454826000,MG,GS,1989-02-12
886,Lindsey,Sparks,00212556629,II7426,268323565611104000,MG,ZS,1997-03-29
887,Shane,Fox,88120916715,KE2932,143170729651677000,MINI,"Mini Countryman",1983-02-21
888,Davin,Monroe,70053095892,IS8444,432597854371705000,MINI,Mini,1985-06-22
889,Alena,Ingram,68050241484,XB1925,895180921601288000,MITSUBISHI,Mirage,1972-11-05
890,Viviana,Estes,46012822841,LX2687,737484672822649000,MITSUBISHI,ASX,1967-09-08
891,Kymani,Andersen,65021219693,UM7479,442191841470863000,MITSUBISHI,"Eclipse Cross",1965-07-23
892,Mireya,Charles,85052339641,XB1861,882524947905073000,MITSUBISHI,Outlander,1967-07-27
893,Savion,Odom,52020692835,FQ7621,875278002135000000,NISSAN,Qashqai,1996-07-19
894,Graham,Zamora,60080431611,IJ8922,182617530896152000,NISSAN,Micra,1991-11-13
895,Karly,Oliver,92040498354,DB6289,213430341875756000,NISSAN,Juke,1981-01-11
896,Duncan,Maxwell,63112866489,CO4247,584697501717176000,PEUGEOT,"2008 SUV",1975-10-17
897,Tanner,Graves,59120885381,HO9374,117896144434767000,PEUGEOT,Rifter,1992-02-06
898,Angel,Griffin,45082822667,CM2445,733346048936491000,PEUGEOT,"5008 SUV",1999-11-12
899,Roderick,Stout,76030331139,JV5812,257880459026651000,PEUGEOT,"3008 SUV",1969-05-22
900,Mara,Johnston,60110648659,EY1414,485172591608525000,PEUGEOT,508,1998-07-07
901,Talan,Le,59050276745,KE6338,974338038656302000,PEUGEOT,"308 SW",1972-11-27
902,Cooper,Meza,59121079743,UU3633,227267293260191000,PEUGEOT,308,1983-10-03
903,Ansley,Phillips,77050946237,CQ6544,199720107905806000,PEUGEOT,208,1967-05-29
904,Lina,Bender,87081713539,SB1413,404999804735294000,PEUGEOT,108,1988-09-06
905,Boston,Stephens,52110825116,SH3917,444986295518261000,RENAULT,Captur,1975-07-08
906,Gael,Hubbard,47080445138,ZM4352,621803427590588000,RENAULT,Kadjar,1971-06-25
907,Kyra,Mcmahon,78030432865,AO9228,331438296923793000,RENAULT,Trafic,1967-08-02
908,Elliott,Cobb,78050968225,UR2495,542337060080539000,RENAULT,Koleos,1983-09-12
909,Alina,Huff,47122492487,EU6169,633125094634750000,RENAULT,Twingo,1964-07-06
910,Cash,Terry,64052592283,KQ2831,436525472800863000,RENAULT,Megane,1984-04-24
911,Nico,Sanchez,65040758463,KK4835,111272910780043000,RENAULT,"Grand Scenic",1991-03-20
912,Yadira,Horne,73031714118,RT3284,482824383290381000,RENAULT,Zoe,1976-08-29
913,Elvis,Henderson,82100769265,EO4648,278185578353336000,RENAULT,Clio,1988-05-25
914,Abram,Fuller,03281513654,XC4677,789601808308072000,SEAT,Ateca,1974-08-27
915,Duncan,Hardin,79092887932,RN3979,473217227216832000,SEAT,Tarraco,1974-04-12
916,Damon,Pruitt,01211438343,IU3498,658377883143610000,SEAT,Alhambra,1979-01-26
917,Marvin,Bird,68011048826,EZ1384,166473743801363000,SEAT,Ibiza,1989-06-16
918,Elyse,Mcclure,83071788123,JD3563,141524650541378000,SEAT,Arona,1994-08-23
919,Kadyn,Arellano,75121257688,YQ5286,544139050788788000,SEAT,Leon,1984-07-07
920,Lea,Bradshaw,91083025738,NS1631,608433906747455000,SEAT,Mii,1978-12-28
921,Nia,Blackburn,94021917928,OS3229,827170898558020000,SKODA,Superb,1979-11-13
922,Saige,Mccarthy,46110782458,IL2896,720553062033739000,SKODA,Octavia,1964-08-04
923,Fernanda,Kent,60121537122,ED4927,638248688202633000,SKODA,Kodiaq,1981-03-15
924,Brisa,Lowery,88050778643,LK7218,376781179526013000,SKODA,Citigo,1961-05-26
925,Jamir,Young,70050743361,CV8494,144777377083817000,SKODA,Fabia,1971-06-05
926,Emilio,Rowland,58080453111,YY3289,139345397213246000,SKODA,Karoq,1971-05-20
927,Amani,Friedman,69122846561,JZ7823,729755205613696000,SMART,forfour,1961-07-20
928,Melina,Knapp,81092917498,ZQ4772,647863178387243000,SMART,fortwo,1992-04-05
929,Azaria,Cantrell,03312859153,PD1337,593330721816009000,SUZUKI,Vitara,1974-03-20
930,Jaylee,Hoffman,94012598244,XC5748,295895245212022000,SUZUKI,Swift,1986-10-08
931,Darwin,Banks,02270866694,QO9738,179718496474909000,SUZUKI,Baleno,1995-08-28
932,Lisa,Sims,88012531248,PO7848,988358451689895000,SUZUKI,Ignis,1985-07-29
933,Catherine,Sampson,56042314397,GO5252,618314634035037000,SUZUKI,S-Cross,1993-05-01
934,Dayana,Newman,54121781421,HC2634,443925372196554000,SUZUKI,Celerio,1988-04-03
935,Esther,Novak,47100959142,UW2617,989000029907031000,TOYOTA,"PROACE Verso",1991-08-10
936,Lennon,Harding,94111636498,FR2676,821176451577721000,TOYOTA,Prius+,1967-01-06
937,Alicia,Fritz,00291855185,CR4939,844314761679971000,TOYOTA,AYGO,1966-09-26
938,Kamryn,Phillips,64042018463,NK2594,463059597936081000,TOYOTA,Yaris,1982-11-07
939,Dangelo,Rosario,51042149293,CB2132,583306794107445000,TOYOTA,C-HR,1987-11-23
940,Amelia,Beard,79111612624,WH2257,382758818963636000,TOYOTA,Prius,1962-05-23
941,Xavier,Choi,72101336265,ZA4279,794363675795095000,TOYOTA,Auris,1986-05-01
942,Silas,Ferrell,81031475425,JG7315,868411591828866000,Opel,"Grandland X",1976-12-28
943,Noemi,Cummings,78050616791,DR6541,203050769080160000,Opel,Corsa,1994-12-21
944,Deandre,Leblanc,79082492658,YU5687,505531522669158000,Opel,"Crossland X",1993-06-06
945,Bernard,Tanner,97121718684,NB7618,252270425755332000,Opel,Viva,1978-05-21
946,Jalen,Bullock,47100213121,QS8716,734210120604661000,Opel,"Combo Life",1972-04-20
947,Kasey,Pratt,67050166771,SG8683,663532859242345000,Opel,"Mokka X",1986-09-14
948,Moses,Espinoza,50032595973,BA7628,648401619786097000,Opel,"Insignia Country Tourer",1968-03-11
949,Kamryn,Curtis,03250645414,BW7952,561600126806191000,Opel,"Insignia Sports Tourer",1987-01-29
950,Pamela,Prince,80080962553,EW5875,449681496888441000,Opel,"Insignia Grand Sport",1994-10-05
951,Aleena,Montoya,63080591242,AP7567,461168276694246000,Opel,Astra,1963-03-03
952,Isla,Lin,96031412473,AZ1321,994546279065367000,Opel,ADAM,1977-12-29
953,Cody,Bowen,59050434233,VI9972,211547805780798000,Volkswagen,Tiguan,1985-12-16
954,Athena,Tucker,63031737538,FK1553,542532013441685000,Volkswagen,Polo,1987-11-23
955,Marquise,Franklin,67042844687,OQ7114,684112739883084000,Volkswagen,"Golf SV",1968-07-09
956,Nash,Pace,52051977622,UO1691,132392337236323000,Volkswagen,"Tiguan Allspace",1973-05-11
957,Danna,Mahoney,71101872346,BC2489,349800860031728000,Volkswagen,Golf,1986-06-03
958,Kailey,Waters,78093039386,MD5743,463368794024280000,Volkswagen,Touran,1998-08-26
959,Camille,Randall,66031366577,HR5186,916035469745494000,Volkswagen,up!,1997-07-26
960,Adonis,Wyatt,60010512173,ZJ1122,507759800346544000,Volkswagen,T-ROC,1995-11-17
961,Lincoln,Reeves,51042651354,BI8536,141719078907603000,Volkswagen,Sharan,1982-05-08
962,Terrance,Hodges,84042486123,JQ3725,365037100541886000,Volkswagen,Passat,1998-05-18
963,Gage,Harmon,87061345189,LY8336,122871784577601000,VOLVO,XC40,1977-09-27
964,Bryce,Garner,89011072947,KQ8319,641735224328481000,VW,"Caddy Maxi",1969-07-04
965,Danielle,Simpson,73050515279,BF3476,364235508299837000,VW,"Transporter Shuttle",1983-09-06
966,Nyasia,Meyers,63092995656,ZD3986,492615841655267000,VW,Caddy,1973-03-13
967,Makhi,Ho,53112034254,TF6146,481537676581680000,Abarth,595,1984-02-17
968,Micheal,Martinez,78060819676,YI9721,710164471903419000,"ALFA ROMEO",Giulietta,1962-10-22
969,Kennedi,Tanner,91031731542,AN1345,370493654710306000,"ALFA ROMEO",Giulia,1974-04-23
970,Randall,Pruitt,86062492289,VN5668,185395102717317000,AUDI,A1,1969-03-01
971,Daphne,Goodwin,86092685651,BT6349,175655366538110000,AUDI,Q2,1982-09-12
972,Kadence,Patton,99070553189,OC8147,418212058213647000,AUDI,A3,1984-06-05
973,Miracle,Obrien,74012329235,ON6347,817756962381758000,BMW,X2,1981-01-14
974,Simeon,Bryant,75111273573,HX3988,852393501488326000,BMW,X1,1996-06-28
975,Kaitlyn,Watson,49122166447,QW8516,822881502284182000,BMW,"2 Series",1997-08-02
976,Yesenia,Norton,96121348121,NQ1961,604449833812313000,BMW,"1 Series",1994-05-28
977,Donald,Donaldson,49040953479,RX4152,492849044911625000,BMW,"3 Series",1989-09-20
978,Rylan,Cain,78051575721,CD2835,751186552373283000,"CHRYSLER JEEP",Renegade,1962-09-10
979,Roland,Snyder,95091972284,ZL1615,314770886289289000,"CHRYSLER JEEP",Compass,1975-11-27
980,Randy,Cardenas,54062937815,WS4495,322371710579112000,CITROEN,C1,1982-12-15
981,Carsen,Crawford,49100152952,KB5493,493321945767545000,CITROEN,"C4 Cactus",1973-02-22
982,Keira,Duke,92102073338,HC4163,547223367332272000,CITROEN,Berlingo,1974-11-05
983,Elliana,Todd,81041951711,SI7739,190626827768320000,CITROEN,"Grand C4 SpaceTourer",1982-07-16
984,Zachary,Montes,85103049961,PM8978,703777052858895000,CITROEN,"C5 Aircross",1975-12-06
985,Junior,Cabrera,56102641959,UG3693,127738231955471000,CITROEN,SpaceTourer,1969-04-20
986,Giovanny,Carson,81100177571,SN3497,718229145138572000,CITROEN,"C4 SpaceTourer",1997-03-17
987,Yasmin,Neal,63040634592,MT3464,180894457786793000,CITROEN,"C3 Aircross",1992-04-18
988,Lainey,Walls,74030459419,BZ6534,941516197077201000,CITROEN,C3,1984-04-18
989,Chelsea,Gentry,62031616636,AL5916,602785178814396000,DACIA,Duster,1998-06-24
990,Addison,Mclean,66032568664,OO4887,409537644314583000,DACIA,"Logan MCV Stepway",1972-01-27
991,Geovanni,Marks,62112251864,UJ7944,263690940383510000,DACIA,"Logan MCV",1982-11-03
992,Nathalia,Rios,01291214996,HB6812,387111256251468000,DACIA,"Sandero Stepway",1967-04-14
993,Leandro,Brennan,52091965416,LD4378,605725331827015000,DACIA,Sandero,1993-09-19
994,Nia,Bird,63092189118,KN2849,315907433245987000,FIAT,500C,1998-08-22
995,Bernard,Tanner,97231718684,NB7718,252270412755332000,Opel,Viva,1978-05-21
996,Jalen,Bullock,47107813121,QS8746,734210124504661000,Opel,"Combo Life",1972-04-20
997,Kasey,Pratt,67050112771,SG8689,663532859223345000,Opel,"Mokka X",1986-09-14
998,Moses,Espinoza,50089595973,BA7228,648401656786097000,Opel,"Insignia Country Tourer",1968-03-11
999,Kamryn,Curtis,03252645414,BW7912,561600126806191000,Opel,"Insignia Sports Tourer",1987-01-29
1000,Pamela,Prince,80082862553,EW5775,449681494588441000,Opel,"Insignia Grand Sport",1994-10-05
